taxon	taxon_rank	max_ma	min_ma	stratigraphy	lithostratigraphy	biostratigraphy	locality	country_code	references	pbdb_occurrences	specimen_no	lng	lat	utm	paleo_lng	paleo_lat	higher_than	id	comments	B
Acamptonectes densus	species	134.71	133.87	Lower Hauterivian	Speeton Clay Formation	Endomoceras ammonite biozones	Yorkshire, UK	GB	Fischer2012PO,Hopson2008	1006657	GLAHM 132588	-0.236	54.161999					1		1
Acamptonectes densus	species	134.71	133.87	Lower Hauterivian	Speeton Clay Formation	Endomoceras ammonite biozones	Yorkshire, UK	GB	Fischer2012PO,Hopson2008	1006659	NHMUK R11185	-0.2893	54.210098					2		2
Acamptonectes densus	species	133.32	132.85	Upper Hauterivian		Milankowskia speetonensis Ammonite Biozone	Lower Saxony, Germany	DE	Siebertz2008BNS	1006660	SNHM 1284-R	10.654167	52.24889					3		3
Acuetzpalin carranzai	species	157.25	152.06	Kimmeridgian	La Casita Formation		Durango State, Mexico	MX	BarrientosLara2020JSAES	1492004	IGM 9519	-103.547501	24.726667					4		4
Aegirosaurus	genus	136.28	135.33	Valanginian		Olcostephanus nicklesi Ammonite Subbiozone	Laux-Montaux, France	FR	Fischer2011CR	915621	RGHP LA 1	5.559722	44.318054					5		5
Aegirosaurus leptospondylus	species	152.06	150.94	Lower Tithonian	Altmühltal Formation	Hybonoticeras hybonotum Ammonite Biozone	Bavaria, Germany	DE	Bardet2000JP	908439	SM	10.948333	48.8825					6		6
Aegirosaurus leptospondylus	species	152.06	150.94	Lower Tithonian	Altmühltal Formation	Hybonoticeras hybonotum Ammonite Biozone	Bavaria, Germany	DE	Bardet2000JP	908440	BSPHGM 1954 I 608	10.973889	48.873333					7		7
Aegirosaurus leptospondylus	species	152.06	150.94	Lower Tithonian	Altmühltal Formation	Hybonoticeras hybonotum Ammonite Biozone	Bavaria, Germany	DE	Bardet2000JP		NHMUK 42833							8		8
Arthropterygius cf. chrisorum	species	149.59	147.53	Middle Volgian	Promza Formation	Dorsoplanites panderi Ammonite Biozone	Ulyanovsk Region, Russia	RU	Zverkov2019P		SGM 1743-2	48.642742	54.157656					9	location estimated on bank near Krestovo-Gorodische	9
Arthropterygius cf. chrisorum	species	145.73	143.57	Lower Berriasian?	Agardhfjellet Formation		Svalbard, Norway	SJ	Delsett2017PO,Zverkov2019P		PMO 222.655			33X 0518847 8696044				10		10
Arthropterygius cf. chrisorum	species	147.52	147.2	Middle Volgian	Agardhfjellet Formation	Crendonites aguinus Ammonite Biozone?	Svalbard, Norway	SJ	Delsett2018P,Zverkov2019P		PMO 224.250	16.043724	78.338949	33X 0523549 8696407				11		11
Arthropterygius cf. hoybergeti	species	149.59	147.53	Middle Volgian	Promza Formation	Dorsoplanites panderi Ammonite Biozone	Ulyanovsk Region, Russia	RU	Zverkov2019P		YKM 63548	48.642742	54.157656					12	location estimated on bank near Krestovo-Gorodische	12
Arthropterygius cf. hoybergeti	species	149.59	147.53	Middle Volgian	Promza Formation	Dorsoplanites panderi Ammonite Biozone	Ulyanovsk Region, Russia	RU	Zverkov2019P		UPM 2442	48.642742	54.157656					13	location estimated on Krestovo-Gorodische	13
Arthropterygius chrisorum	species	161.18	152.06	Oxfordian–Kimmeridgian	Rignes Formation		Melville Island, Canada	CA	Maxwell2010	872313	CMN 40608	-113.5	76.151108					14		14
Arthropterygius chrisorum	species	161.18	152.06	Oxfordian–Kimmeridgian	Rignes Formation		Melville Island, Canada	CA	Maxwell2010	1062206	CMN 40609	-113.5	76.151108					15		15
Arthropterygius chrisorum	species	145.73	143.57	Lower Berriasian	Hofer Formation		Franz Josef Land, Russia	RU	Zverkov2019P		CMGE 3–16/13328	58.83205	80.288					16	location at centre Berghaus Island	16
Arthropterygius chrisorum	species	145.73	143.57	Lower Berriasian	Hofer Formation		Franz Josef Land, Russia	RU	Zverkov2019P		CMGE 17–44/13328	58.83205	80.288					17	location at centre Berghaus Island	17
Arthropterygius chrisorum	species	149.59	147.53	Middle Volgian	Promza Formation	Dorsoplanites panderi Ammonite Biozone	Ulyanovsk Region, Russia	RU	Zverkov2019P		SGM 1573	48.545721	54.230233					18	location estimated from Table 1	18
Arthropterygius chrisorum	species	147.93	147.52	Middle Volgian	Agardfjellet Formation	?Dorsoplanites maximus Ammonite Biozone	Svalbard, Norway	SJ	Delsett2018P,Zverkov2019P		PMO 222.669	15.835009	78.336571					19		19
Arthropterygius hoybergeti	species	148.35	147.52	Middle Volgian	Agardfjellet Formation	Dorsoplanites ilovaiskii–Dorsoplanites maximus ammonite biozones	Svalbard, Norway	SJ	Druckenmiller2012NJG, Zverkov2019P	1077967	SVB 1451	15.832	78.337303					20		20
Arthropterygius lundi	species	149.59	147.53	Middle Volgian	Promza Formation	Dorsoplanites panderi Ammonite Biozone	Samara Region, Russia	RU	Zverkov2019P		SGM 1731-01–15	48.827939	53.125519					21	location estimated just north of Kashpir	21
Arthropterygius lundi	species	149.09	147.52	Middle Volgian	Agardhfjellet Formation	Pavlovia rugosa–Dorsplanites ilovaiskii ammonite biozones	Svalbard Norway	SJ	Roberts2014PO,Zverkov2019P	1220159	PMO 222.654	15.834444	78.340553					22		22
Arthropterygius lundi	species	149.59	147.53	Middle Volgian	Promza Formation	Dorsoplanites panderi Ammonite Biozone	Ulyanovsk Region, Russia	RU	Zverkov2019P	1263914	SGM 1502	48.519823	54.166375					23		23
Arthropterygius thalassonotus	species	147.72	145.73	Upper Tithonian	Vaca Muerta Formation		Neuquén Province, Argentina	AR	Campos2019ZJLS	1492005	MOZ-PV 6145	-69.667503	-39.194443					24		24
Arthropterygius volgensis	species	149.59	147.53	Middle Volgian	Promza Formation	Dorsoplanites panderi Ammonite Biozone	Samara Region, Russia	RU	Zverkov2019P	1542337	KSU 982/P-213	48.266666	53.083332					25		25
Athabascasaurus bitumineus	species	113.14	110.22	Lower Albian	Clearwater Formation		Alberta, Canada	CA	Druckenmiller2010CJES	119020	TMP 2000.29.01	-111.667221	56.995834					26		26
Ophthalmosauridae	species	157.25	144.1	Kimmeridgian–Volgian	Hofer Formation		Cape Hansa, Wilczek Island	RU	Zverkov2019P		CMGE 1-2/13328	59.712794	80.396796					27	location estimated from map Fig. 1	27
Ophthalmosauridae	clade	148.35	147.52	Middle Tithonian	Agardhfjellet Formation	Dorsoplanites ilovaiskii–Dorsoplanites maximus ammonite biozones	Svalbard, Norway	SJ	Delsett2017PO		PMO 222.670			33X 0519609 8695600				28		28
Ophthalmosauridae	clade	149.09	147.52	Middle Tithonian	Agardhfjellet Formation	Pavlovia rugosa–Dorsplanites ilovaiskii ammonite biozones	Svalbard, Norway	SJ	Delsett2017PO		PMO 222.662			33X 528940 8692530				29		29
Ophthalmosauridae	clade	148.35	147.52	Middle Tithonian	Agardhfjellet Formation	Dorsoplanites ilovaiskii–Dorsoplanites maximus ammonite biozones	Svalbard, Norway	SJ	Delsett2017PO		PMO 227.932			33X 0519622 8695649				30		30
Barracudasauroides panxianensis	species	244.34	244.14	Pelsonian	Falang Formation	Nicoraella kockeli Conodont Biozone	Panxian, Guizhou, China	CN	Motani2008JVP	899756		104.905556	25.518888					31		31
Barracudasauroides panxianensis	species	244.34	244.14	Pelsonian	Falang Formation	Nicoraella kockeli Conodont Biozone	Panxian, Guizhou, China	CN	Motani2008JVP	899759		104.905556	25.518888					32		32
Barracudasauroides panxianensis	species	244.34	244.14	Pelsonian	Falang Formation	Nicoraella kockeli Conodont Biozone	Panxian, Guizhou, China	CN	Motani2008JVP	899762		104.905556	25.518888					33		33
Barracudasauroides panxianensis	species	244.34	244.14	Pelsonian	Falang Formation	Nicoraella kockeli Conodont Biozone	Panxian, Guizhou, China	CN	Motani2008JVP	899764		104.905556	25.518888					34		34
Barracudasauroides panxianensis	species	244.34	244.14	Pelsonian	Falang Formation	Nicoraella kockeli Conodont Biozone	Panxian, Guizhou, China	CN	Motani2008JVP	899766		104.905556	25.518888					35		35
Barracudasauroides panxianensis	species	244.34	244.14	Pelsonian	Falang Formation	Nicoraella kockeli Conodont Biozone	Panxian, Guizhou, China	CN	Motani2008JVP	899768		104.905556	25.518888					36		36
Barracudasauroides panxianensis	species	244.34	244.14	Pelsonian	Falang Formation	Nicoraella kockeli Conodont Biozone	Panxian, Guizhou, China	CN	Motani2008JVP	899770		104.905556	25.518888					37		37
Barracudasauroides panxianensis	species	244.34	244.14	Pelsonian	Falang Formation	Nicoraella kockeli Conodont Biozone	Panxian, Guizhou, China	CN	Motani2008JVP	899772		104.905556	25.518888					38		38
Mixosauridae	clade	244.34	244.14	Pelsonian	Guanling Formation	Nicoraella kockeli Conodont Biozone	Panxian, Guizhou, China	CN	Young1965VP	391980		106.366997	27.857					39		39
Mixosauridae	clade	244.34	244.14	Pelsonian	Guanling Formation	Nicoraella kockeli Conodont Biozone	Panxian, Guizhou, China	CN	Jiang2005P	916388	GMPKU 2000008, GMPKU 2000009	104.833336	25.466667					40		40
Besanosaurus leptorhynchus	species	242.03	241.5	Illyrian	Besano Formation	Nevadites secedensis Ammonite Biozone	Besano, Lombardy, Italy	IT	DalSasso1996PL	1134407	BES SC 999	9.233333	45.150002					41	layer 65/107 Bindellini et at 2021 Tbl 1	41
Ophthalmosauridae	clade	149.59	147.2	Middle Volgian	Agardhfjellet Formation		Svalbard, Norway	SJ	Angst2010BSGF	1108489	SESNE 2010.0.1	15.8325	78.336899					42		42
Platypterygiinae	species	147.93	144.1	Portlandian			Ankilivalo, Madagascar	MG	Fernandez1997JVP	884094	CM 47525	44.383331	-23.200001					43		43
Brachypterygius extremus	species	151.92	150.66	Tithonian	Kimmeridge Clay Formation	Pectinatites elegans–P. wheatleyensis ammonite biozones	Kimmeridge Bay, Dorset, UK	GB	McGowan1997JVP	884160	BRSMG Ce 16696	-2.133333	50.616669					44		44
Brachypterygius extremus	species	151.04	150.66	Lower Tithonian	Kimmeridge Clay Formation	Pectinatites wheatleyensis Ammonite Biozone	Stowbridge, Cambridgeshire, UK	GB	McGowan1976CJES	929816	SMC J68516	0.370833	52.636391					45		45
Brachypterygius pseudoscythica	species	150.19	149.59	Lower Volgian		Ilowaiskya pseudoscythica Ammonite Biozone	Ulyanovsk Province, Russia	RU	Efimov1998PZ	1094603	UPM 3/100	48.388058	54.495556					46		46
Grendelius alekseevi	species	149.59	147.53	Middle Volgian		Dorsoplanites panderi Ammonite Biozone	Ulyanovsk Province, Russia	RU	Zverkov2015PZIRa	1545282	YKM 56702	48.404999	54.319721					47		47
Grendelius zhuravlevi	species	149.59	147.53	Middle Volgian		Dorsoplanites panderi Ammonite Biozone	Saratov Province, Russia	RU	Arkhangelsky1998PZ	1125530	PIN 426/60–76 	48.849998	51.75					48		48
Grendelius zhuravlevi	species	149.59	148.35	Middle Volgian		Pavlovia iatriensis Ammonite Subbiozone (lower part of Dorsoplanites panderi Ammonite Biozone)	Samara Region, Russia	RU	Zverkov2015PZIRa		SRM Hb 30192	48.396101	53.077002					49		49
Platypterygiinae	clade	149.59	147.53	Middle Volgian		Dorsoplanites panderi Ammonite Biozone?		RU	Zverkov2015PZIRa		SGM 1445-1, 1566							50	locality unknown	50
Californosaurus perrini	species	232.82	231.25	Lower Tuvalian	Hosselkus Limestone Formation	Tropites subbulatus Ammonite Biozone	Shasta County, California, USA	US	Merriam1908MUC	1134408	UCMP 9119	-122.190834	40.820831					51	as Delphinosaurus; locality as from Mazin & Sander (1993)	51
Californosaurus perrini	species	232.82	231.25	Lower Tuvalian	Hosselkus Limestone Formation	Tropites subbulatus Ammonite Biozone	Shasta County, California, USA	US	Merriam1908MUC	1419476	UCMP 10998	-122.190834	40.820831					52	locality as from Mazin & Sander (1993)	52
Californosaurus perrini	species	232.82	231.25	Lower Tuvalian	Hosselkus Limestone Formation	Tropites subbulatus Ammonite Biozone	Shasta County, California, USA	US	Merriam1908MUC		UCMP 9082	-122.190834	40.820831					53	locality as from Mazin & Sander (1993)	53
Californosaurus perrini	species	232.82	231.25	Lower Tuvalian	Hosselkus Limestone Formation	Tropites subbulatus Ammonite Biozone	Shasta County, California, USA	US	Merriam1908MUC		UCMP 9086	-122.190834	40.820831					54	locality as from Mazin & Sander (1993)	54
Callawayia neoscapularis	species	221.44	217.52	Lacian	Pardonet Formation	Epigondolella triangularis Conodont Biozone	Williston Lake, British Columbia, Canada	CA	McGowan1994JVPa	820942	ROM 41993	-122.689523	56.07953					55		55
Callawayia neoscapularis	species	221.44	217.52	Lacian	Pardonet Formation	Epigondolella triangularis Conodont Biozone	Chicken Creek, British Columbia, Canada	CA	Nicholls2001CJES		TMP 94.380.11	-123.174812	57.309258					56	locality from Fig. 1	56
Callawayia neoscapularis	species	224.31	221.44	Lacian	Pardonet Formation	Epigondolella quadrata Conodont Biozone	Chicken Creek, British Columbia, Canada	CA	Nicholls2001CJES		TMP 94.382.2	-123.174812	57.297343					57	locality from Fig. 1	57
Shastasaurus pacificus	species	232.82	231.25	Lower Tuvalian	Hosselkus Limestone Formation	Tropites subbulatus Ammonite Biozone	Shasta County, California, USA	US	Merriam1895AJS	1419468		-122.190834	40.820831					58		58
Shastasaurus pacificus	species	232.82	231.25	Lower Tuvalian	Hosselkus Limestone Formation	Tropites subbulatus Ammonite Biozone	Shasta County, California, USA	US	Merriam1908MUC		UCMP 9076	-122.190834	40.820831					59	as Shastasaurus osmonti	59
Shastasaurus pacificus	species	232.82	231.25	Lower Tuvalian	Hosselkus Limestone Formation	Tropites subbulatus Ammonite Biozone	Shasta County, California, USA	US	Merriam1908MUC		UCMP 9608	-122.190834	40.820831					60	as Shastasaurus osmonti	60
Shastasaurus pacificus	species	232.82	231.25	Lower Tuvalian	Hosselkus Limestone Formation	Tropites subbulatus Ammonite Biozone	Shasta County, California, USA	US	Merriam1908MUC	1186494	UCMP 9081	-122.190834	40.820831					61	as Shastasaurus osmonti	61
Shastasaurus pacificus	species	232.82	231.25	Lower Tuvalian	Hosselkus Limestone Formation	Tropites subbulatus Ammonite Biozone	Shasta County, California, USA	US	Merriam1908MUC	1186495	UCMP 9017	-122.551231	40.405834					62	as Shastasaurus alexandrae; propsed neotype McGowan2003	62
Shastasaurus pacificus	species	232.82	231.25	Lower Tuvalian	Hosselkus Limestone Formation	Tropites subbulatus Ammonite Biozone	Shasta County, California, USA	US	Merriam1908MUC	1419470	UCMP 9083	-122.051582	40.816376					63	as Shastasaurus altispinus	63
Ichthyosauromorpha	clade	232.82	231.25	Lower Tuvalian	Hosselkus Limestone Formation	Tropites subbulatus Ammonite Biozone	Shasta County, California, USA	US	Merriam1908MUC	1419478	UCMP 9075	-122.260002	40.724998					64	as Shastasaurus careyi	64
Shastasauridae	clade	232.82	231.25	Lower Tuvalian	Hosselkus Limestone Formation	Tropites subbulatus Ammonite Biozone	Shasta County, California, USA	US	Merriam1908MUC		UCMP 9614	-122.190834	40.820831					65	as Shastasaurus careyi	65
Shastasaurus pacificus	species	233.6	232.82	Lower Tuvalian	Antimonio Formation	Tropites dilleri Ammonite Biozone	El Antimonio District, Sonora, Mexico	MX	Callaway1989JP	909072	UCMP 27141, UCMP 27142, UCMP 27146	-112.599998	30.75					66	as Shastasaurus careyi	66
Shastasaurus	genus	228.45	205.81	Norian	Martin Bridge Limestone			US	Orr1986UGSPP	1108583		-117.333252	44.943344					67		67
Shastasaurus sikkaniensis	species	216.58	215.33	Alaunian	Pardonet Formation	Mockina postera Conodont Biozone	Chicken Creek, British Columbia, Canada	CA	Nicholls2004JVP	882304	TMP 94.378.2	-123.015282	57.263611					68		68
Euichthyosauria	clade	231.25	228.45	Upper Tuvalian		Klamathites macrolobatus Ammonite Biozone	Berlin Ichthyosaur State Park, Nevada, USA	US	Camp1980PAPS	1419479	Skeleton A	-117.591393	38.876667					69	as Shonisaurus mulleri	69
Euichthyosauria	clade	231.25	228.45	Upper Tuvalian		Klamathites macrolobatus Ammonite Biozone	Berlin Ichthyosaur State Park, Nevada, USA	US	Camp1980PAPS	1419480	Skeleton B	-117.591393	38.876667					70	as Shonisaurus silberlingi	70
cf. Shonisaurus	genus			Rhaetian				DE	Sander2016GPW	1546985		9.051111	51.565556					71		71
Ichthyosauria	clade			Rhaetian			Bonenburg, Warburg, North Rhine-Westphalia, Germany	DE	Sander2016GPW		LWL MfN P64363	9.051111	51.565556					71		72
Shonisaurus popularis	species	233.6	217.52	Tuvalian–Lacian				IT	DallaVecchia2002BSPI	895626		12.133333	46.533333					72		73
Shonisaurus popularis	species	231.25	228.45	Upper Tuvalian		Klamathites macrolobatus Ammonite Biozone	Berlin Ichthyosaur State Park, Nevada, USA	US	Camp1980PAPS	908629	Skeleton C	-117.591393	38.876667					73		74
Caypullisaurus bonapartei	species	147.72	145.73	Late Tithonian	Vaca Muerta Formation		Chacay Melelhue, Argentina	AR	Fernandez2007JP	1006673	MLP 85-I-15-1	-69.667503	-39.194443					74		75
Caypullisaurus bonapartei	species	147.72	145.73	Late Tithonian	Vaca Muerta Formation		Trincajeura Creek, Argentina	AR	Fernandez2007JP	1006674	MOZ P6097	-70.495834	-38.112499					75		76
Caypullisaurus bonapartei	species	145.73	139.39	Berriasian	Vaca Muerta Formation		Yesera del Tromen, Argentina	AR	Fernandez2007JP	1006675	MOZ P6139	-69.667503	-39.194443					76		77
Caypullisaurus bonapartei	species	147.72	145.73	Late Tithonian	Vaca Muerta Formation	Virgatospinctes mendozanus Ammonite Biozone	Cerro Lotena, Argentina	AR	Fernandez1997JP		MACN-N-32	-69.6675	-39.19444					77		78
Caypullisaurus bonapartei	species	147.72	145.73	Late Tithonian	Vaca Muerta Formation	Virgatospinctes mendozanus Ammonite Biozone	Cerro Lotena, Argentina	AR	Fernandez1997JP		MLP 853-XI-16-1	-69.6675	-39.19444					78		79
Cetarthrosaurus walkeri	species	107.59	100.5	Late Albian	Gault Formation		Cambridge, UK	GB	Fischer2014PO	1191684	CAMSM B58069, CAMSM X50170	0.133333	52.200001					79		80
Cartorhynchus lenticarpus	species	248.41	248.41	Spathian	Nanlinghu Formation	Subcolumbites Ammonite Biozone	Majiashan Quarry, Anhui Province, China	CN	Motani2015N	1329759	AGM CH-628-16	117.819702	31.6206				120	80	bed 633	81
Ophthalmosauridae	clade	100.25	98.37	Early Cenomanian	Cambridge Greensand Member	Mantelliceras mantelli Ammonite Biozone	Cambridge, UK	GB	Fischer2014PO		NHMUK 32406,NHMUK R16,NHMUK 47268,CAMSM B58042,CAMSM B58045,CAMSM B58050,CAMSM B58053,CAMSM B58055,CAMSM TN1727,CAMSM TN1755,IRSNB GS3,LEICT G65.1991,NHMUK R2343,NHMUK R4513,NHMUK 35348,NHMUK 43989,IRSNB GS60,							81		82
Ophthalmosauridae	clade	107.59	100.5	Late Albian	Gault Formation		Cambridge, UK	GB	Fischer2014PO		NHMUK R16, NHMUK R17							82		83
Platypterygiinae	clade	96.08	94.57	Cenomanian	Lower Chalk Formation	Acanthoceras rhotomagense–Calycoceras guerangeri ammonite biozones	Hunstanton, Cambridgeshire, UK	GB	Fischer2014PO		CAMSM B20643							83		84
Platypterygiinae	clade	100.25	98.37	Early Cenomanian	Cambridge Greensand Member	Mantelliceras mantelli Ammonite Biozone	Cambridge, UK	GB	Fischer2014PO		CAMSM B58062, CAMSM B58057							84		85
Platypterygius	genus	100.25	98.37	Early Cenomanian	Cambridge Greensand Member	Mantelliceras mantelli Ammonite Biozone	Cambridge, UK	GB	Fischer2014PO	1191678		0.133333	52.200001					85		86
Platypterygius	genus	107.59	100.5	Late Albian	Gault Formation		Cambridge, UK	GB	Fischer2014PO	1191679		1.183333	51.083332					86		87
Platypterygius	genus	113.14	107.59	Early–Middle Albian	Marnes Bleues			FR	Fischer2014PO	1191680		5.166667	44.333332					87		88
Platypterygius	genus	113.14	107.59	Early–Middle Albian	Marnes Bleues			FR	Fischer2014PO	1273659	RGHP SI 1	5.9	44.183331					88		89
Platypterygius	genus	113.14	107.59	Early–Middle Albian	Marnes Bleues			FR	Fischer2014PO	1273660	RGHP PR 1	6.474722	44.209442					89		90
Platypterygius	genus	107.59	100.5	Late Albian	Gault Formation			GB	Fischer2014PO	1292453	NHMUK 36385	1.183333	51.083332					90		91
Sisteronia seeley	species	100.25	98.37	Early Cenomanian	Cambridge Greensand Member	Mantelliceras mantelli Ammonite Biozone	Cambridge, UK	GB	Fischer2014PO	1191674	CAMSM B58257_67	0.133333	52.200001					91		92
Sisteronia seeley	species	107.59	100.5	Late Albian	Gault Formation		Cambridge, UK	GB	Fischer2014PO	1191675	NHMUK R16, NHMUK R17, NHMUK R2890, NHMUK 47232	1.183333	51.083332					92		93
Sisteronia seeley	species	113.14	107.59	Early–Middle Albian	Marnes Bleues			FR	Fischer2014PO	1191676	RGHP SI 2	5.9	44.183331					93		94
Sisteronia seeley	species	113.14	107.59	Early–Middle Albian	Marnes Bleues			FR	Fischer2014PO	1191677		5.166667	44.333332					94	Private collection of L. Ebbo	95
cf. Sisteronia seeleyi	species	100.25	93.9	Cenomanian	Stoilensky/Kursk fauna			RU	Fischer2016P	1256370		37.75222	51.288612					95		96
Ichthyosauria	clade	154.73	147.72	late Kimmeridgian–middle Tithonian	Hauberg Mountain Formation	Virgatosphinctes densistriatus-densiplicatus Ammonite Group	Bean Peak, Ellsworth Land, Antarctica	AQ	Hikuroa2009AS	1134128	BAS R.7514.14.10	-69.916664	-75.916664					96		97
Ophthalmosaurus natans	species	163.97	159.49	Upper Callovian–Middle Oxfordian	Sundance Formation		Fremont County, Wyoming, USA	US	Mehl1928JSLDUG	899260	UM 503	-108.574351	42.997442					97	Location taken as approximate centre of county	98
Ophthalmosaurus natans	species	161.18	159.88	Lower–Middle Oxfordian	Sundance Formation	Cardioceras cordatum–Perisphinctes plicatilis ammonite biozones	Natrona County, Wyoming, USA	US	Drake1994FAFCWGAG		UW 24804	-106.80494	42.953025					98	Location taken as approximate centre of county	99
Ophthalmosaurus natans	species	163.97	159.49	Upper Callovian–Middle Oxfordian	Sundance Formation		Carbon County, Wyoming	US	Gilmore1905MCM	902469	CM 878	-106.870175	41.695073					99	Location taken as approximate centre of county	100
Ophthalmosaurus natans	species	163.97	159.49	Upper Callovian–Middle Oxfordian	Sundance Formation		Albany County, Wyoming	US	Gilmore1905MCM		CM 603	-105.698581	41.699346					100	Location taken as approximate centre of county	101
Ophthalmosaurus natans	species	163.97	159.49	Upper Callovian–Middle Oxfordian	Sundance Formation		Big Horn County, Wyoming	US	Gilmore1905MCM	343565	CM 919	-108.029104	44.571552					101	Location taken as approximate centre of county	102
Ophthalmosaurus natans	species	163.97	159.49	Upper Callovian–Middle Oxfordian	Sundance Formation		Carbon County, Wyoming	US	Gilmore1906MCM		CM 1441	-106.870175	41.695073					102	Location taken as approximate centre of county	103
Ophthalmosaurus natans	species	163.97	159.49	Upper Callovian–Middle Oxfordian	Sundance Formation		Albany County, Wyoming	US	Knight1903AJS,Gilmore1905MCM		UW specimen S	-105.698581	41.699346					103	Location taken as approximate centre of county	104
Ophthalmosaurus natans	species	163.97	159.49	Upper Callovian–Middle Oxfordian	Sundance Formation		Albany County, Wyoming	US	Marsh1879AMNH,Gilmore1905MCM		YPM 1952	-105.698581	41.699346					104	Location taken as approximate centre of county	105
Ophthalmosaurus natans	species	163.97	159.49	Upper Callovian–Middle Oxfordian	Sundance Formation		Freemont County, Wyoming	US	Gilmore1907AJS	880206	UW specimen DB	-108.574351	42.997442					105	Location taken as approximate centre of county	106
Ophthalmosaurus natans	species	163.97	159.49	Upper Callovian–Middle Oxfordian	Sundance Formation		Albany County, Wyoming	US	Marsh1895AJS,Gilmore1905MCM		YPM 1955	-105.698581	41.699346					106	Location taken as approximate centre of county	107
Ophthalmosaurus natans	species	163.97	159.49	Upper Callovian–Middle Oxfordian	Sundance Formation		Natrona County, Wyoming, USA	US	Wahl2009P,Massare2014GM		UW 24216/24816	-106.80494	42.953025					107	Location taken as approximate centre of county	108
Ophthalmosaurus natans	species	163.97	161.18	Upper Callovian–Lower Oxfordian	Sundance Formation	Quenstedtoceras ammonite biozones	Natrona County, Wyoming, USA	US	Massare2005P	45529	UW 34653	-106.80494	42.953025					108	Location taken as approximate centre of county	109
Undorosaurus gorodischensis	species	147.45	146.9	Middle Volgian		Epivirgatites nikitini Ammonite Biozone	Ulyanovsk Region, Russia	RU	Efimov1999PZa,Zverkov2019JSP	293808	UPM EP-II-20(572), UPM EP-II-21(1075)	48.739445	54.324444					109		110
Undorosaurus gorodischensis	species	147.52	147.2	Middle Volgian	Agardhfjellet Formation	Crendonites aguinus Ammonite Biozone?	Svalbard, Norway	SJ	Druckenmiller2012NJG,Zverkov2019JSP	1077966	PMO 214.578	15.8349	78.336601					110		111
Undorosaurus gorodischensis	species	146.67	146.43	Upper Volgian		Garniericeras catenulatum Ammonite Biozone	Ulyanovsk Region, Russia	RU	Efimov1999PZa,Zverkov2019JSP	293807	UPM EP-II-23(744)	48.366669	54.616669					111		112
Undorosaurus gorodischensis	species	147.93	147.45	Middle Volgian		Virgatites virgatus Ammonite Biozone	Moscow Region, Russia	RU	Efimov1999PZa,Zverkov2019JSP	293810	UPM EP-II-27(870)	37	55					112		113
Undorosaurus kielanae	species	149.59	146.9	Middle Volgian	Kcynia Formation		Tomaszów Mazowiecki, Poland	PL	Tyborowski2016APP	1418704	GMUL 3579-81	20.135555	51.376389					113		114
Undorosaurus nessovi	species	147.93	147.45	Middle Volgian		Virgatites virgatus Ammonite Biozone	Ulyanovsk Region, Russia	RU	Efimov1999PZa,Zverkov2019JSP	293809	UPM EP-II-24(785), UPM EP-II-25(900)	48.366669	54.616669					114		115
Undorosaurus trautscholdi	species	147.45	146.67	Upper Volgian		Epivirgatites nikitini–Kachpurites fulgens ammonite biozones	Moscow Region, Russia	RU	Arkhangelsky2014PZIR	1236524	GSM 1503	37.483334	55.766666					115		116
Chacaicosaurus cayi	species	170.3	169.45	lower Bajocian	Los Molles Formation		Chacaico Sur, Neuquén, Argentina	AR	Fernandez1994A	1108561	MOZ 5803 PV	-70.300003	-39.25					116		117
Chaohusaurus brevifemoralis	species	248.53	248.34	Spathian	Nanlinghu Formation	Subcolumbites Ammonite Biozone	Majiashan Quarry, Anhui Province, China	CN	Huang2019Pa	1475021	AGM AGB7401	117.819702	31.6206				125	117	bed 621	118
Chaohusaurus brevifemoralis	species	248.53	248.34	Spathian	Nanlinghu Formation	Subcolumbites Ammonite Biozone	Majiashan Quarry, Anhui Province, China	CN	Huang2019Pa		GMPKU P-3086	117.819702	31.6206				120	118	bed 633	119
Sclerocormus parviceps	species	248.16	248.16	Spathian	Nanlinghu Formation	Subcolumbites Ammonite Biozone	Majiashan Quarry, Anhui Province, China	CN	Jiang2016SR	1329760	AGM AGB6265	117.819702	31.6206				118	119	bed 719	120
Chaohusaurus brevifemoralis	species	248.53	248.34	Spathian	Nanlinghu Formation	Subcolumbites Ammonite Biozone	Majiashan Quarry, Anhui Province, China	CN	Huang2019Pa		AGM AGB7403	117.819702	31.6206				117	120	bed 628	121
Chaohusaurus geishanensis	species			Spathian	Nanlinghu Formation	Subcolumbites Ammonite Biozone	Guishan, Anhui Province, China	CN	Motani2015JVP	1134402	IVPP V4001	117.809467	31.616065					121	locality from Guishan	122
Chaohusaurus geishanensis	species			Spathian	Nanlinghu Formation	Subcolumbites Ammonite Biozone	Majiashan Quarry, Anhui Province, China	CN	Motani2015JVP		AGM MT10010, GMPKU-P-1118	117.819702	31.6206					122		123
Chaohusaurus chaoxianensis	species			Spathian	Nanlinghu Formation	Subcolumbites Ammonite Biozone	Majiashan Quarry, Anhui Province, China	CN	Motani2015JVP		GMPKU-P-3101	117.819702	31.6206				120	123	bed 633	124
Chaohusaurus chaoxianensis	species			Spathian	Nanlinghu Formation	Subcolumbites Ammonite Biozone	Majiashan Quarry, Anhui Province, China	CN	Zhou2017JVP	388713	AGM 2905	117.819702	31.6206					124		125
Chaohusaurus chaoxianensis	species			Spathian	Nanlinghu Formation	Subcolumbites Ammonite Biozone	Majiashan Quarry, Anhui Province, China	CN	Zhou2017JVP		GMPKU-P-3188	117.819702	31.6206				126	125	bed 617	126
Chaohusaurus chaoxianensis	species			Spathian	Nanlinghu Formation	Subcolumbites Ammonite Biozone	Majiashan Quarry, Anhui Province, China	CN	Motani2017PRSBBS			117.819702	31.6206					126	bed 594	127
Chaohusaurus chaoxianensis	species			Spathian	Nanlinghu Formation	Subcolumbites Ammonite Biozone	Majiashan Quarry, Anhui Province, China	CN	Motani2017PRSBBS			117.819702	31.6206				118	127	bed 816	128
Chaohusaurus zhanjiawanensis	species	247.79	246.9	Spathian	Nanlinghu Formation	Triassospathodus homeri–T. triangularis conodont biozones	Zhangjiawan Village, Hubei Province, China	CN	Chen2013AGS	1412685	WHGMR V26001, WHGMR V26025	111.620003	31.379999					128		129
Euichthyosauria	clade	243.43	239.1	Illyrian–Fassanian	Favret Formation		Humbolt Range, Nevada, USA	US	Leidy1868PANSP	906314		-118.099998	40.548058					129		130
Cymbospondylus petrinus	species	243.43	239.1	Illyrian–Fassanian	Favret Formation		West Humbolt Range, Nevada, USA	US	Merriam1908MUC	467070		-118.300003	40.133331					130		131
Cymbospondylus duelferi	species	243.43	239.1	Illyrian–Fassanian	Favret Formation	Gymnotoceras rotelliformisâMeeki ammonoid biozones	Favret Canyon, Pershing County, Nevada, USA	US	Klein2020JSP	1504406	LACM DI 158109	-117.558891	40.059166					131	Gymnotoceras rotelliformis–Meeki ammonoid biozones	132
Cymbospondylus petrinus	species	243.43	239.1	Illyrian–Fassanian	Favret Formation		Favret Canyon, Pershing County, Nevada, USA	US	Merriam1905UCBDG	934002		-119.720833	38.768055					132		133
Euichthyosauria	clade	243.43	239.1	Illyrian–Fassanian	Favret Formation		Favret Canyon, Pershing County, Nevada, USA	US	Merriam1908MUC	906287		-116.716667	40					133	ex Cymbospondylus piscosus	134
Cymbospondylus nichollsi	species	243.43	239.1	Illyrian–Fassanian	Favret Formation		Augusta Mountain, Pershing County, Nevada, USA	US	Frobisch2006ZJLS	1417529	FMNH PR2251	-117.539444	40.001389					134		135
Cymbospondylus buchseri	species	242.03	241.5	Illyrian	Grenzbitumenzone	Nevadites secedensis Ammonite Biozone	Cava Tre Fontane, Monte San Giorgio, Canton Ticino, Switzerland	CH	Sander1989JVP	884857	PIMUZ T4351	8.940556	45.911945					135		136
Mixosauridae	clade	243.43	239.1	Illyrian–Fassanian	Favret Formation		Humbolt Range, Nevada, USA	US	Merriam1906UCBDG	467071	UCMP 9873	-118.300003	40.133331					136	ex. Cymbospondylus natans	137
Euichthyosauria	clade	243.43	239.1	Illyrian–Fassanian	Favret Formation		Humbolt Range, Nevada, USA	US	Merriam1908MUC	1186493	UCMP 10620	-117.532784	39.578609					137	ex. Cymbospondylus nevadanus	138
Cymbospondylus	genus	248.2	246.8	Spathian	Thaynes Formation		Nounan Valley, Idaho, USA	US	Massare1994JVP	821002	IMNH 29108, IMNH 35011, IMNH 35012, IMNH 35013, IMNH 35014, IMNH 35015, IMNH 38918, IMNH 38919	-111.416664	42.483334					138		139
Cymbospondylus	genus	243.43	239.1	Illyrian–Fassanian	Calcare del Clapsavon			IT	DallaVecchia2002BSPI	895629	MFSN 27414, MFSN 20570, MFSN 24993, teeth	12.666667	46.383331					139		140
Cymbospondylus	genus	239.1	235.59	Upper Ladinian–Lower Carnian	Upper Saurian Niveau		Botneheia, Svalbard	SJ	Sander1992JP	908441	PMO 162.003	16.484722	78.313889					140	Formerly PIMUZ A/III 496	141
Cymbospondylus	genus	239.1	235.59	Upper Ladinian–Lower Carnian	Upper Saurian Niveau		Wiche Bukta, Svalbard	SJ	Sander1992JP	908443	PIMUZ A/III 554, PIMUX A/III 555	18.905556	78.487503					141		142
Cymbospondylus	genus	241.5	237.0	Ladinian	Upper Muschelkalk		Baden-Württemberg, Germany	DE	Callaway1989NJGPA	944327		11.725	46.601391					142	several specimens in SMNS	143
Cymbospondylus	genus			Spathian	Lower Saurian Niveau, Vikinghøgda Formation	Keyserlingites subrobustus Ammonoid Biozone	Marmierfjellet, Svalbard	SJ	Engelschion2018NJG			16.62954	78.28112					146	several specimens; location at approx. middle of outcrop	144
Shastasaurus	genus	241.5	237.0	Ladinian	Upper Muschelkalk		Baden-Württemberg, Germany	DE	Callaway1989NJGPA			11.725	46.601391					143	several specimens in SMNS	145
Dearcmhara shawcrossi	species	174.43	169.45	late Toarcian–Lower Bajocian	Bearreraig Sandstone Formation	Pleydellia aalensis–Stephanoceras humphriesianum aamonite biozones	Bearreraig Bay, Skye, Scotland (ex situ)	GB	Brusatte2015SJG	1250556	GLAHM 152378/1–4	-6.67	57.02					144		146
cf. Ichthyosaurus communis	species			Lower Sinemurian	Hallaig Sandstone Member, Ardnish Formation	Caenisites turneri Ammonite Biozone	Suisnish, Skye, Scotland (ex situ)	GB	Brusatte2015SJG	1250553	SM 1976.1999.8	-5.54	57.029999					145		147
cf. Ichthyosaurus communis	species			Lower Sinemurian	Hallaig Sandstone Member, Ardnish Formation	Caenisites turneri Ammonite Biozone	Suisnish, Skye, Scotland (ex situ)	GB	Brusatte2015SJG		NMS G. 2014.21.1	-5.54	57.029999					147		148
Ichthyosauria	clade			late Bajocian–early Bathonian	Valtos Sandstone Formation		Valtos, Skye, Scotland	GB	Brusatte2015SJG	1250554		-6.156389	57.59528					148		149
Ichthyosauria	clade			middle–late Bajocian	Duntulm Formation?	above Praeexogyra horizons	Staffin, Skye, Scotland	GB	Brusatte2015SJG	1250555	GLAHM 152379	-6.5	57.23					149		150
Utatsusaurus hataii	species			Scythian	Osawa Formation	Subcolumbites Ammonite Biozone	Utatsu-cho, Miyagi Prefecture, Japan	JP	Shikama1978SRTUGa	800599	ICPS 95941	141.556946	38.713612					150		151
Utatsusaurus hataii	species			Scythian	Osawa Formation	Arnautoceltites Ammonite Biozone	Utatsu-cho, Miyagi Prefecture, Japan	JP	Shikama1978SRTUGa			141.556946	38.713612					151		152
Utatsusaurus hataii	species			Spathian	Osawa Formation	Subcolumbites Ammonoid Biozone	Ogatsu, Miyagi Prefecture, Japan	JP	Motani1998N	821274	UHR 30691, NSM-VP-20028	141.46666	38.516666					152		153
Utatsusaurus	genus			Spathian	Vega-Phroso Siltstone Member, Sulphur Mountain Formation		Wapiti Lake, British Columbia, Canada	CA	Cuthbertson2014CJES	1420108	PRPRC 2007.08.81	-122.397499	54.941113					153		154
Utatsusaurus	genus			Spathian	Vega-Phroso Siltstone Member, Sulphur Mountain Formation		Wapiti Lake, British Columbia, Canada	CA	Nicholls1993CJES	1420107	TMP 91.121.1	-120.675552	54.504166					154		155
cf. Utatsusaurus	genus			Spathian	Lower Member, Prida Formation	Prohungarites gutstadti Ammonite Biozone	Fossil Hill, Humboldt Range, Pershing County, Nevada	US	Kelley2016P	1412645	USNM 559349	-118.075836	40.277779					155		156
cf. Grippiidae	clade			Spathian	Lower Member, Prida Formation	Prohungarites gutstadti Ammonite Biozone	Fossil Hill, Humboldt Range, Pershing County, Nevada	US	Kelley2016P	1412647	USNM 559350	-118.075836	40.277779							157
Thaisaurus chonglakmanii	species			Early Triassic	Phukaotong Dolomite Member, Chaiburi Formation	Columbites parisianus Ammonoid Biozone	Khao Thong, Phattalung, Thailand	TH	Mazin1991CRASS2MPCSUST,Tongtherm2020PR	1419474	TF2454	100.066666	7.736667							158
Grippia longirostris	species			Spathian	Vendomdalen Member, Vikinghøgda Formation	Bajarunia euomphala Ammonoid Biozone	Milne Edwardsfjellet, Spitsbergen	SJ	Wiman1929BGIU,Hurum2018NJG	363117	PMU R443, PMU R472, PMU R447	17.83380	78.24944						Location from Hurum et al. (2018) fig. 1	159
Grippia longirostris	species			Spathian	Vendomdalen Member, Vikinghøgda Formation	Bajarunia euomphala Ammonoid Biozone	Agardh Range, Spitsbergen	SJ	Wiman1933NARSSU		PMU R445, PMU R444, PMU R452, PMU R449, PMU R473, PMU R453, PMU 474, PMU446, PMU R450, PMU R448, PMU R454, PMU R456, PMU R451	18.09185	77.57297						Location from Mazin (1981) fig. 1	160
Ichthyosauria	clade			Spathian	Lower Saurian niveau, Vikinghøgda Formation	Keyserlingites subrobustus Ammonoid Biozone	Vikinghøegda, Spitsbergen, Svalbard	SJ	Cox1973GM,Maxwell2013G		CASP H1496	16.80844	78.24944						Location from Cox & Smith (1973) fig. 2, possibly Mixosauridae	161
Omphalosaurus	genus			Spathian	Lower Saurian niveau, Vikinghøgda Formation	Keyserlingites subrobustus Ammonoid Biozone	Vikinghøegda, Spitsbergen, Svalbard	SJ	Wiman1910BGIUa,Maxwell2013G		PMU 24627 [R196],CASP S2579/S2582	16.80844	78.24944						Originally Omphalosaurus merriami	162
Phalarodon	genus			Anisian	Botneheia Formation		Central Spitsbergen	SJ	Cox1973GM,Maxwell2013G		C6920-74	14.30065	78.64603						Location from Cox & Smith (1973) fig. 2, possibly Mixosauridae	163
Ichthyosauria	clade			Upper Ladinian–Lower Carnian	Upper Saurian Niveau		Spitsbergen	SJ	Maxwell2013G		NRM-PZ R193									164
Shastasauridae	clade			Upper Ladinian–Lower Carnian	Tschermakfjellet Formation		Spitsbergen	SJ	Maxwell2013G		NRM-PZ R1, NRM-PZ R93									165
Ichthyosauria	clade			Julian–Tuvalian	De Geerladen Member, Kapp Toscana Formation		Hoben, Svalbard	SJ	Cox1973GM		CASP X2151–2337, X2353–2395	25.241829	76.581036						Location from centre of Hopen	166
Pessopteryx nisseri	species			Spathian	Lower Saurian niveau, Vikinghøgda Formation	Keyserlingites subrobustus Ammonoid Biozone	Marmierfjellet, Svalbard	SJ	Engelschion2018NJG		PMO 229.778, PMO 229.779, PMO 229.780, PMO 229.782, PMO 229.781	16.62954	78.28112							167
Ichthyosauria	clade			Spathian	Lower Saurian niveau, Vikinghøgda Formation	Keyserlingites subrobustus Ammonoid Biozone	Marmierfjellet, Svalbard	SJ	Engelschion2018NJG		PMO 229.733, PMO 229.736, PMO 229.737, PMO 229.738, PMO 230.178, PMO 230.180, PMO 230.179, PMO 229.784, PMO 230.181, PMO 229.787, PMO 229.793, PMO 230.160, PMO 230.182, PMO 230.153, PMO 230.182, PMO 230.163-230.172, PMO 230.157, PMO 230.173-230.176, PMO 229.785, PMO 229.790	16.62954	78.28112							168
Omphalosaurus	genus			Spathian	Vendomdalen Member, Vikinghøgda Formation	Bajarunia euomphala Ammonoid Biozone	Marmierfjellet, Spitsbergen, Svalbard	SJ	Ekeheien2018NJG	1529048	PMO  229.922, PMO 229.921, PMO 229.924, PMO 229.923, PMO 229.916, PMO 229.917, PMO 229.919, PMO 229.918, PMO 229.920	16.60118	78.30521							169
Ichthyopterygia	clade			Spathian	Vendomdalen Member, Vikinghøgda Formation	Bajarunia euomphala Ammonoid Biozone	Marmierfjellet, Spitsbergen, Svalbard	SJ	Ekeheien2018NJG		PMO 229.903, PMO 229.905, PMO 229.904, PMO 229.906, PMO 229.907, PMO 229.908, PMO 229.909, PMO 229.913, PMO 229.914, PMO 229.911, PMO 229.912, PMO 230.135, PMO 230.137, PMO 230.138	16.60118	78.30521							170
Grippia longirostris	species			Spathian	Vendomdalen Member, Vikinghøgda Formation	Bajarunia euomphala Ammonoid Biozone	Milne Edwardsfjellet, Spitsbergen	SJ	Mazin1981BMNHNP		MNHN SVT 201, MNHN SVT 202	17.83380	78.24944						Location from Maxin (1981) fig. 1	171
Quasianosteosaurus vikinghoegdai	species			Spathian	Vendomdalen Member, Vikinghøgda Formation	Bajarunia euomphala Ammonoid Biozone	Vikinghøgda, Spitsbergen	SJ	Maisch2003NJGPAa	1420109	MNHN SVT 331	16.80844	78.28171						Location of Vikinghøgda	172
Ichthyosauria	clade			Spathian	Lower Saurian niveau, Vikinghøgda Formation	Keyserlingites subrobustus Ammonoid Biozone	Vikinghøgda, Spitsbergen	SJ	Maisch2003NJGPA		MNHN A35 Viking 1969	16.80844	78.28171						Location of Vikinghøgda	173
Ichthyosauria	clade			Spathian	Lower Saurian niveau, Vikinghøgda Formation	Keyserlingites subrobustus Ammonoid Biozone	Heimenfjellet, Spitsbergen	SJ	Maisch2003NJGPA		MNHN A28 VW Heimen, MNHN A27 Ibsen 1964,  MNHN SVT 293, MNHN SVT 222, MNHN SVT 223, MNHN SVT 245, MNHN SVT 226, MNHN SVT 247	15.48564	78.58640						Location of Heimenfjellet, also 'Ibsen' locality	174
Ichthyosauria	clade			Spathian	Lower Saurian niveau, Vikinghøgda Formation	Keyserlingites subrobustus Ammonoid Biozone	Kongressfjellet, Spitsbergen	SJ	Maisch2003NJGPA		MNHN KOD Kongress 1969, MNHN KOL Kongress 1969, MNHN SVT 221?	15.35574	78.55388						Location of Kongressfjellet	175
Mixosauridae	clade			Upper Ladinian–Lower Carnian	Upper Saurian Niveau		Saurieberget, Spitsbergen	SJ	Hulke1873BTKSVH		NRM 33	15.62916	78.50222						Holotype of Mixosaurus nordenskioeldii	176
Phalarodon callawayi	species			Illyrian–Fassanian	Fossil Hill Member, Favret Formation		Fossil Hill, Augusta Mountains, Nevada	US	Schmitz2004PAP	1419160	CMC VP 7275, FMNH PR 1804	-117.53272	40.05605							177
Phalarodon callawayi	species			Illyrian–Fassanian	Fossil Hill Member, Favret Formation		Humbolt Range, Nevada	US	Schmitz2004PAP		UCMP 11229	-118.099998	40.548058							178
Phalarodon callawayi	species			Upper Ladinian–Lower Carnian	Tschermakfjellet Formation		Spitsbergen	SJ	Schmitz2004PAP		PMU R103, PMU R184, PMU R187, PMU R188, PMU R189, PMU R191, PMU R192, PMU R475, PMU R492, NRM R34									179
Mixosauridae	clade			Spathian–early Ladinian	Sulphur Mountain Formation		Locality D, Wapiti Lake, British Columnbia	CA	Nicholls1999PAP,Schmitz2004PAP	1419118	TMP 89.127.7, TMP 89.127.21, TMP 89.127.23, TMP 89.127.25, TMP 89.127.26, TMP 89.127.28, TMP 91.122.1, TMP 91.122.4, TMP 91.122.5, TMP 91.122.9	-120.72386	54.51669							180
Mixosauridae	clade			Middle Triassic	Sulphur Mountain Formation		Locality B, Wapiti Lake, British Columnbia	CA	Nicholls1999PAP,Schmitz2004PAP	1419119	TMP 89.129.1, TMP 89.129.2, TMP 91.120.2, TMP 91.120.8, TMP 91.120.16	-120.73941	54.53088							181
Mixosauridae	clade			Middle Triassic	Sulphur Mountain Formation		Locality T, Wapiti Lake, British Columnbia	CA	Nicholls1999PAP,Schmitz2004PAP		TMP 88.19.17, TMP 88.99.18, TMP 89.126.7, TMP 89.126.9, TMP 89.126.11, TMP 89.126.17, TMP 91.123.6	-120.70418	54.50839							182
Phalarodon callawayi	species			Spathian–early Ladinian	Sulphur Mountain Formation		Locality D, Wapiti Lake, British Columnbia	CA	Nicholls1999PAP,Schmitz2004PAP		TMP 89.127.15	-120.72386	54.51669							183
Phalarodon cf. fraasi	species			Spathian–early Ladinian	Sulphur Mountain Formation		Locality D, Wapiti Lake, British Columnbia	CA	Schmitz2005JVP	1419116	TMP 89.127.14	-120.72386	54.51669							184
Phalarodon callawayi	species			Middle Triassic	Sulphur Mountain Formation		Locality T, Wapiti Lake, British Columnbia	CA	Nicholls1999PAP,Schmitz2004PAP		TMP 88.99.18, TMP 89.126.4, TMP 89.126.5, TMP 89.126.12	-120.70418	54.50839							185
Phalarodon callawayi	species			Middle Triassic	Sulphur Mountain Formation		Locality B, Wapiti Lake, British Columnbia	CA	Nicholls1999PAP,Schmitz2004PAP		TMP 91.120.7	-120.73941	54.53088							186
Phalarodon callawayi	species			Spathian	Vega-Phroso Siltstone Member, Sulphur Mountain Formation		Locality E, Wapiti Lake, British Columnbia	CA	Nicholls1999PAP,Schmitz2004PAP		TMP 91.121.2	-120.67516	54.50321							187
Mixosauridae	clade			Spathian	Vega-Phroso Siltstone Member, Sulphur Mountain Formation		Locality N, Wapiti Lake, British Columnbia	CA	Nicholls1999PAP,Schmitz2004PAP		TMP 91.117.1, TMP 91.117.2, TMP 91.117.4	-120.76904	54.53737							188
Phalarodon fraasi	species			Illyrian–Fassanian	Fossil Hill Member, Favret Formation		Humbolt Range, Nevada	US	Merriam1910UCBDG	467073	UCMP 9853, UCMP 9924	-118.08100	40.28931							189
Phalarodon fraasi	species			Longobardian	Blanknuten Member, Botneheia Formation	Indigirites tozeri Ammonoid Biozone	Botneheia, Spitsbergen	SJ	Okland2018NJG		PMO 210.122, PMU 24555, PMU 24561, PMU 24579, PMU R102, PMU R516, PMU R518, MNHN SVT 328	16.40710	78.31175							190
Mixosauridae	clade			Longobardian	Blanknuten Member, Botneheia Formation	Indigirites tozeri Ammonoid Biozone	Edgeøya, Spitsbergen	SJ	Hurum2014NPDB		PMO 219.250	21.51128	77.82316							191
Phalarodon fraasi	species			Pelsonian	Upper Member, Guanling Formation	Nicoraella germanicus Conodont Biozone	Yangjuan Village, Xinmin District, Panxian County, Guizhou Province	CN	Jiang2007JP	915088	GMPKU-P-1032	104.833336	25.466667							192
Phalarodon cf. fraasi	species			Middle Triassic	Llama member, Sulphur Mountain Formation		Locality B, Wapiti Lake, British Columbia	CA	Callaway1989CJES	1529521	TMP 86.153.11, TMP 86.153.12	-120.73941	54.53088							
Ichthyosauria	clade			Spathian–Middle Triassic	Sulphur Mountain Formation		Wapiti Lake, British Columbia	CA	Callaway1989CJES		TMP 84.56.6	-120.77854	54.56816						ID as Pessosaurus sp.; loaction at Wapiti Lake	
Mixosauridae	clade			Spathian	Vega-Phroso Silstone Member, Sulphur Mountain Formation		Locality N, Wapiti Lake, British Columnbia	CA	Callaway1989CJES	1529520	TMP 83.218.6, TMP 83.218.5	-120.76904	54.53737							
Mixosauridae	clade			Spathian	Vega-Phroso Silstone Member, Sulphur Mountain Formation		Locality F, Wapiti Lake, British Columnbia	CA	Callaway1989CJES		TMP 83.216.1	-120.73822	54.52217							
Mixosauridae	clade			Middle Triassic	Llama member, Sulphur Mountain Formation		Locality B, Wapiti Lake, British Columbia	CA	Callaway1989CJES		TMP 86.153.1, TMP 86.153.2, TMP 86.153.3, TMP 86.153.6, TMP 86.153.4, TMP 86.153.7	-120.73941	54.53088							
Phalarodon major	species				Lower Muschelkalk		Aach, Freudenstadt, Baden-Württemberg	DE	Maisch2001NJGPAa	1419121	SMNS 7631	8.47831	48.46662						Location in Aach	
Phalarodon major	species				middle Wellenkalk Formation, Lower Muschelkalk		Schwaderlock, Kanton Aarrgau	CH	Maisch2005NJGPM		NMB S Tr 12	8.14630	47.58584						Location of Schwaderloch	
Platypterygius hercynicus	species			Upper Aptian	'Neocomer Erhorizont'		Salzgitter, Lower Saxony	DE	Kuhn1946BNGBb	1006711	SMSS 'SGS'	10.333333	52.150002							
Platypterygius hercynicus	species			late Albian		Callihoplites auritus Ammonoid Subzone, Mortoniceras inflatum Ammonoid Zone	Saint−Jouin−Bruneval, Seine−Maritime department	FR	Fischer2012APP	942007, 1273653	MHNH 2010.4	0.153056	49.578609							
Kyhytysuka sachicarum	species			Barremian–Aptian	Acrillolitas Abigarradas Member		Loma Pedro Luis, 1.5 km NW Villa de Leyva	CO	Paramo1997RI,Cortes2021JSP	1123401	DON-19671	-73.53025	5.65427						ex. Platypterygius sachicarum holotype	
Kyhytysuka sachicarum	species			uppermost Barremian	Acrillolitas Abigarradas Member		El Roble locality, Loma La Cabrera, 'Rinca Los Morros', Villa de Leyva, Boyacá, Colombia	CO	Cortes2021JSP		CIP-GA-01042014	-73.538417	5.665383							
Auroroborealia incognita	species			lower Norian		Pinacoceras verchojanicum Ammonoid Biozone	Kotelny Island, New Siberian Islands, Russia	RU	Zverkov2021EESTRSE		ZIN PH 5/250, ZIN PH 6/250, ZIN PH 8/250, ZIN PH 20/250, ZIN PH 23/250	138.927	75.515						coordinates taken around confluence of Balyktakh and Tikhaya rivers	
Auroroborealia incognita	species			lower Norian		Pinacoceras verchojanicum Ammonoid Biozone	Kotelny Island, New Siberian Islands, Russia	RU	Zverkov2021EESTRSE		ZIN PH 3/250	138.927	75.515						coordinates taken around confluence of Balyktakh and Tikhaya rivers	
Shastasauridae	clade			lower Carnian	Indigirohalobia popowi beds		Kotelny Island, New Siberian Islands, Russia	RU	Zverkov2021EESTRSE		ZIN PH 1/250	138.927	75.515						coordinates taken around confluence of Balyktakh and Tikhaya rivers	
Shastasauridae	clade			lower Carnian	Indigirohalobia popowi beds		Kotelny Island, New Siberian Islands, Russia	RU	Zverkov2021EESTRSE		ZIN PH 10/250	138.927	75.515						coordinates taken around confluence of Balyktakh and Tikhaya rivers	
Shastasauridae?	clade			lower Carnian		Arctophyllites taimyrensis Ammonoid Biozone	Kotelny Island, New Siberian Islands, Russia	RU	Zverkov2021EESTRSE		ZIN PH 13/250	138.927	75.515						coordinates taken around confluence of Balyktakh and Tikhaya rivers	
Shastasauridae?	clade			lower Norian		Pinacoceras verchojanicum Ammonoid Biozone	Kotelny Island, New Siberian Islands, Russia	RU	Zverkov2021EESTRSE		ZIN PH 15/250, ZIN PH 19/250, ZIN PH 21/250	138.927	75.515						coordinates taken around confluence of Balyktakh and Tikhaya rivers	
Ichthyosauria	clade			upper Carnian?			Kotelny Island, New Siberian Islands, Russia	RU	Zverkov2021EESTRSE		ZIN PH 2/250	138.927	75.515						coordinates taken around confluence of Balyktakh and Tikhaya rivers	
Ichthyosauria	clade			lower Norian		Pinacoceras verchojanicum Ammonoid Biozone	Kotelny Island, New Siberian Islands, Russia	RU	Zverkov2021EESTRSE		ZIN PH 7/250	138.927	75.515						coordinates taken around confluence of Balyktakh and Tikhaya rivers	
Euichthyosauria	clade			lower Norian		Pinacoceras verchojanicum Ammonoid Biozone	Kotelny Island, New Siberian Islands, Russia	RU	Zverkov2021EESTRSE		ZIN PH 9/250	138.927	75.515						coordinates taken around confluence of Balyktakh and Tikhaya rivers; Euichthyosauria taxon C	
Euichthyosauria	clade			lower Norian		Pinacoceras verchojanicum Ammonoid Biozone	Kotelny Island, New Siberian Islands, Russia	RU	Zverkov2021EESTRSE		ZIN PH 22/250	138.927	75.515						coordinates taken around confluence of Balyktakh and Tikhaya rivers; Euichthyosauria taxon B	
Euichthyosauria	clade			lower Carnian		Arctophyllites taimyrensis Ammonoid Biozone	Kotelny Island, New Siberian Islands, Russia	RU	Zverkov2021EESTRSE		ZIN PH 16/250, ZIN PH 17/250, ZIN PH 18/250	138.927	75.515						coordinates taken around confluence of Balyktakh and Tikhaya rivers; Euichthyosauria taxon C	
Euichthyosauria	clade			middle Norian?			Kotelny Island, New Siberian Islands, Russia	RU	Zverkov2021EESTRSE		ZIN PH 14/250	138.927	75.515						coordinates taken around confluence of Balyktakh and Tikhaya rivers; Euichthyosauria taxon B?	
Ichthyosauria	clade			lower Carnian	Indigirohalobia popowi beds		Kotelny Island, New Siberian Islands, Russia	RU	Zverkov2021EESTRSE		ZIN PH 11/250, ZIN PH 12/250	138.927	75.515						coordinates taken around confluence of Balyktakh and Tikhaya rivers	
Shastasauridae?	clade			upper Carnian		Yakutosurenites pentastichus Ammonoid Biozone	Kotelny Island, New Siberian Islands, Russia	RU	Zverkov2021EESTRSE		ZIN PH 25/250	138.927	75.515						coordinates taken around confluence of Balyktakh and Tikhaya rivers	
Cymbospondylus youngorum	species			middle Anisian	Fossil Hill Member, Favret Formation	Nevadisculites taylori Ammonoid Biozone	Favret Canyon, Augusta Mountains, Pershing County, Nevada, USA	US	Sander2021S		LACM DI 157871									
Thalattoarchon saurophagis	species			middle Anisian	Fossil Hill Member, Favret Formation	Nevadisculites taylori Ammonoid Biozone	Favret Canyon, Augusta Mountains, Pershing County, Nevada, USA	US	Frobisch2013PNAS	1095497	FMHN PR 3032									
Ichthyosauria	clade			Callovian					Philippi1895AUMCL										ex. Ichthyosaurus immanis	
Ichthyosauria	clade			Callovian					Philippi1895AUMCL										ex. Ichthyosaurus leucopetraeus	
Platypterygiinae	clade			upper Tithonian–Berriasian	Vaca Muerta Formation	Windhauseniceras internispinosum Ammonoid Biozone	Arroyo Duranzo, Mendoza, Neuquén, Argentina	AR	Fernandez2019JSAES		MCNAM-PV 5097	-69.75	-35.083333						Table 1	
Ichthyosauria	clade			upper Tithonian–Berriasian	Vaca Muerta Formation	Substeueroceras koeneni Ammonoid Biozone	Arroyo Duranzo, Mendoza, Neuquén, Argentina	AR	Fernandez2019JSAES		DU 19-XI-16-2	-69.75	-35.083333						Table 1	
Ichthyosauria	clade			upper Tithonian–Berriasian	Vaca Muerta Formation	Corongoceras alternans Ammonoid Biozone	Arroyo Duranzo, Mendoza, Neuquén, Argentina	AR	Fernandez2019JSAES		DU 19-XI-16-1, DU 17-XI-16-12, DU 17-XI-16-11, DI 17-XI-16-1, DU 17-XI-16-5, DU 17-XI-16-2, DU 17-XI-16-8, DU 17-XI-16-3	-69.75	-35.083333						Table 1	
Ichthyosauria	clade			upper Tithonian–Berriasian	Vaca Muerta Formation	Aulacosphinctes proximus–Windhauseniceras internispinosum ammonoid biozones	Arroyo Duranzo, Mendoza, Neuquén, Argentina	AR	Fernandez2019JSAES		DU 16-XI-16-2	-69.75	-35.083333						Table 1	
Ichthyosauria	clade			upper Tithonian–Berriasian	Vaca Muerta Formation	Aulacosphinctes proximus Ammonoid Biozone	Arroyo Duranzo, Mendoza, Neuquén, Argentina	AR	Fernandez2019JSAES		DU 16-XI-16-1	-69.75	-35.083333						Table 1	
Ichthyosauria	clade			upper Tithonian–Berriasian	Vaca Muerta Formation	Pseudolissoceras zitteli Ammonoid Biozone	Arroyo Duranzo, Mendoza, Neuquén, Argentina	AR	Fernandez2019JSAES		DU 16-XI-16-6	-69.75	-35.083333						Table 1	
Ophthalmosauridae	clade			upper Tithonian–Berriasian	Vaca Muerta Formation	Pseudolissoceras zitteli Ammonoid Biozone	Arroyo Duranzo, Mendoza, Neuquén, Argentina	AR	Fernandez2019JSAES		MCNAM-PV 5098	-69.75	-35.083333						Table 1	
Ophthalmosauridae	clade			upper Tithonian–Berriasian	Vaca Muerta Formation		Arroyo Duranzo, Mendoza, Neuquén, Argentina	AR	Fernandez2019JSAES		MCNAM-PV 5102	-69.75	-35.083333						Table 2	
Ichthyosauria	clade			upper Tithonian–Berriasian	Vaca Muerta Formation		Arroyo Duranzo, Mendoza, Neuquén, Argentina	AR	Fernandez2019JSAES		DU 17-XI-16-6, DU 18-XI-16-6, DU 18-XI-16-7, DU 19-XI-16-3	-69.75	-35.083333						Table 2	
Ichthyosauria	clade			upper Tithonian–Berriasian	Vaca Muerta Formation	Corongoceras alternans Ammonoid Biozone	Arroyo Paulino, Mendoza, Neuquén, Argentina	AR	Fernandez2019JSAES		MCNAM-PV 5090, Py ICTIO 6, Py ICTIO 5	-69.816667	-34.966667						Table 3	
Ichthyosauria	clade			upper Tithonian–Berriasian	Vaca Muerta Formation	Corongoceras alternans Ammonoid Biozone	Arroyo Paulino, Mendoza, Neuquén, Argentina	AR	Fernandez2019JSAES		MCNAM-PV 5090, Py ICTIO 6, Py ICTIO 5	-69.816667	-34.966667						Table 3	
Ichthyosauria	clade			upper Tithonian–Berriasian	Vaca Muerta Formation		Arroyo Paulino, Mendoza, Neuquén, Argentina	AR	Fernandez2019JSAES		MCNAM-PV 5091	-69.816667	-34.966667						Table 4	
Platypterygiinae	clade			upper Tithonian–Berriasian	Vaca Muerta Formation	Substeueroceras koeneni Ammonoid Biozone	Arroyo Paulino, Mendoza, Neuquén, Argentina	AR	Fernandez2019JSAES		MCNAM-PV 5089	-69.816667	-34.966667							
Ichthyosauria	clade			late Triassic			Quebrada Doña Inés Chica, Región de Atacama, Chile	CL	PardoPerez2015POMNHNC		SNGM-7687	-69.333333	-26.116667							
Ichthyosauria	clade			Hettangian			Quebrada Pan de Azúcar, Parque Nacional Pan de Azúcar, Chile	CL	PardoPerez2015POMNHNC		MPC.1605-1610	-70.5	-26.05							
Ichthyosauria	clade			middle Bajocian	Lautaro Formation		Quebrada La Iglesia, Manflas, III Región, Chile	CL	PardoPerez2015POMNHNC		T.331, T.332, T.337, T.338, T.342	-69.883333	-28.133333							
Ichthyosauria	clade			Middle Jurassic–Lower Cretaceous	Tobifera–Zapata formations		Río de Los Hielos, Parque Nacional Torres del Paine, Región de Magallanes	CL	PardoPerez2015POMNHNC			-73.3	-51.083333							
Platypterygius hauthali?	species			Valanginian–Hauterivian	Zapata Formation		Tyndall Glacier, Parque Nacional Torres del Paine, Región de Magallanes, Chile	CL	PardoPerez2015POMNHNC		TY11	-73.3	-51.1							
Ophthalmosauridae	clade			Valanginian–Hauterivian	Zapata Formation		Tyndall Glacier, Parque Nacional Torres del Paine, Región de Magallanes, Chile	CL	PardoPerez2015POMNHNC		TY17, TY25, TY03	-73.3	-51.1							
Ichthyosaurus cf. communis	species			Sinemurian	Coimbra Formation		Praia de Nossa Senhora da Victória, Alcobaça, Portugal	PT	Zbyszewski1952DGMESG,Sousa2021FR		IST-MDT 85	-9.051111	39.706944							
Ichthyosauria	clade			Sinemurian	Coimbra Formation		Praia de Nossa Senhora da Victória, Alcobaça, Portugal	PT	Zbyszewski1952DGMESG,Sousa2021FR		IST-MDT 104, IST-MDT 103	-9.051111	39.706944							
Ichthyosauria	clade			Sinemurian			Águas de Madeiros, Portugal	PT	Zbyszewski1952DGMESG,daVeigaFerreira1958CSGP,Sousa2021FR		MG 4748	-9.04151	39.73700							
Ichthyosauria	clade			Sinemurian			São Pedro de Moel, Portugal	PT	Zbyszewski1952DGMESG,Sousa2021FR		MG 4745	-9.03253	39.75910							
Ichthyosauria	clade			Pliensbachian			Alvaiázere, Portugal	PT	daVeigaFerreira1958CSGP,Sousa2021FR		MG 25184	-8.38324	39.82394							
Ichthyosauria	clade			Pliensbachian			Praia de Nossa Senhora da Victória, Alcobaça, Portugal	PT	daVeigaFerreira1958CSGP,Sousa2021FR		MG 4749	-9.051111	39.706944							
Ichthyosauria	clade			Pliensbachian			Pintanheira, Portugal	PT	Sousa2021FR		MG 4751, MG 4747, MG 4755	-9.04559	39.72773							
Ichthyosauria	clade			Toarcian			Condeixa, Portugal	PT	daVeigaFerreira1958CSGP,Sousa2021FR		MG 25182, MG 25183	-8.49946	40.11278							
Ichthyosauria	clade			Aalenian			Alhadas, Portugal	PT	Sousa2021FR		MG 36	-8.79068	40.18254							
Ichthyosauria	clade			Aalenian			Tomar, Portugal	PT	daVeigaFerreira1958CSGP,Sousa2021FR		MG 4743, MG 4753	-8.40138	39.60423							
Ichthyosauria	clade			Sinemurian–Aalenian			Cadima, Portugal	PT	Sousa2021FR		MG 4752	-8.64132	40.32552							
Ichthyosauria	clade			Sinemurian–Aalenian			Murtede, Portugal	PT	Sousa2021FR		MG 35	-8.51202	40.34618							
Ichthyosauria	clade			Sinemurian–Aalenian			Portugal	PT	Sousa2021FR		MG 25186									
Ichthyosauria	clade			Sinemurian–Aalenian			Casal Comba, Portugal	PT	daVeigaFerreira1958CSGP,Sousa2021FR		MG 4746	-8.46713	40.36691							
Ophthalmosauridae	clade			Tithonian	Chatillon Clays	gigas Ammonoid Biozone	Condette, Boulogne-sur-Mer, France	FR	Bardet2006FEWVP		BHN2R-1200	1.65472	50.65945						described as Ophthalmosaurus sp.	
Jabalisaurus meztli	species			late Kimmeridgian	coquina layeer, La Caita Formation		Sierra El Jabalí, near Gómez Farías, Saltillo, Caohuila, Mexico	MX	BarrientosLara2021JSAES		CPC 238	-100.94193	24.95246							
Sumpalla argentina	species			late middle–early late Tithonian	Los Catutos Member, Vaca Muerta Formation	Aulacosphinctes proximus–Windhauseniceras internispinosum ammonoid biozones	El Ministerio Quarry, Los Catutos, Zapala Department, Neuquén Province, Argentina	AR	Campos2021PP		MOZ-PV 5788	-70.18219	-38.80829							
Stenopterygius quadriscissus	species			early Toarcian	Posidonienschiefer Formation εII6	Harpoceras falciferum Ammonoid Biozone, elegans Ammonoid Subbiozone	Kirschmann Quarry, Baden-Württemberg, Germany	DE	Dick2015P		SMNS 81841	9.50054	48.59861							
Ichthyosaurus breviceps	species			Hettangian–Pliensbachian	Lias Group		Lyme Regis, Dorset, UK	GB	Taylor2014GSE		NHMUK PV R8437	2.92626	50.72954							
Tholodus cf. schmidi	species			middle Anisian	Karazin Formation	Acrochordiceras kiparisovae Ammonoid Biozone	Paris Bay–Ussuri Bay, Russky isalnd, South Primorye, Russia	RU	Zakharov2015RJPG,Arkhangelsky2016PJ	1412635	SGTU MEZ 4/3	131.919944	43.002306							
Ichthyosauria	clade			Ladinian	Daonella shales, Spitnikovskaya Formation		Amur Bay, Cape Ugol'nyi, South Primorye, Russia	RU	Zakharov2015RJPG			131.68401	43.18592							
Ichthyosauria	clade			Ladinian	Daonella shales, Spitnikovskaya Formation	Ptychites ammonoids	Amur Bay, Cape Ugol'nyi, South Primorye, Russia	RU	Zakharov2015RJPG			131.762839	43.243106							
Ichthyosauria	clade			Anisian	Karazon Formation		Akhlestyshev Cape, Russky Island, South Primorye, Russia	RU	Zakharov2015RJPG			131.906419	42.968853							
Ichthyosauria	clade			Olenekian		Neocolumbites insignis Ammonoid Biozone	Zhitkov Cape, Russky Island, South Primorye, Russia	RU	Zakharov2015RJPG			131.934786	43.022264							
Ichthyosauria	clade			Olenekian		Anasibirites nevolini Ammonoid Biozone	Artem, South Primorye, Russia	RU	Zakharov2015RJPG			132.168372	43.319069							
Ichthyosauria	clade			Hettangian lower substage			Olenek River Basin, Kyra-Khos-Teryuttekh River, Siberia, Russia	RU	Rogov2019SGC			120.8922	71.7793							
Ichthyosauria	clade			Pliensbachian upper substage	Domerian clay member		Vilyui River basin, Tenkensakaya Nyuchuku River, Outcrop 12, Siberia, Russia	RU	Rogov2019SGC			116.6268	61.9545							
Ichthyosauria	clade			Toarcian			Basin of the Vilyui River, Markha River, Siberia, Russia	RU	Rogov2019SGC			116.5	63.6							
Ichthyosauria	clade			Toarcian upper substage			Basin of the Vilyui River, Ygyatta River, Siberia, Russia	RU	Rogov2019SGC			115.73305	63.38410							
Ichthyosauria	clade			Toarcian upper substage			Vilyui River, Siberia, Russia	RU	Rogov2019SGC			117.37	61.9							
Ichthyosauria	clade			Toarcian lower substage			Anabar River, Siberia, Russia	RU	Rogov2019SGC			113.93715	72.05531							
Ichthyosauria	clade			Toarcian–Aalenian			To the north of the Baybykan River, on the Dorukchan River, Siberia, Russia	RU	Rogov2019SGC			130.34969	64.21892							
Ichthyosauria	clade			Aalenian lower substage			Left bank of the Molodo River, 5 km downstream of the mouth of the Syugyude River, Siberia, Russia	RU	Rogov2019SGC			123.03859	69.22141							
Ichthyosauria	clade			Bajocian			Vilyui River basin, mouth of the Tyung River, Siberia, Russia	RU	Rogov2019SGC			121.54607	63.77012							
Ophthalmosauridae	clade			Kimmeridgian			Levaya Boyarka River (Outcrop 23), Siberi, Russia	RU	Rogov2019SGC			97.1829	70.3419							
Ichthyosauria	clade			Volgian middle substage			Byrranga Mountains, Dyabaka-Tari River, Siberia, Russia	RU	Rogov2019SGC			97.56308	74.10932							
Ichthyosauria	clade			Volgian middle–upper substages			Levaya Boyarka River (Outcrop 23), Siberi, Russia	RU	Rogov2019SGC			97.306	70.570							
Ichthyosauria	clade			Volgian middle–upper substages			Urdyuk-Khaya Cape, Siberia, Russia	RU	Rogov2019SGC			113.16783	73.87060							
Ichthyosauria	clade			Toarcian			Left bank of the Kelimyar River, 3.5 km south of the mouth of the Hotugu-MuyokandaYurege River, Siberia, Russia	RU	Rogov2019SGC			125.75580	71.35149							
Ophthalmosauridae	clade			Volgian upper substages			Kheta River, Outcrops 18–19, Siberia, Russia	RU	Rogov2019SGC			95.3228	70.54938							
Ichthyosauria	clade			Valanginian			Anabar River, village of Yuryung-Khaya, Siberia, Russia	RU	Rogov2019SGC			113.2321	72.8108						originally identified as Yasykovia sp.	
Catutosaurus gaspariniae	species			late middle–early late Tithonian	Los Catutos Member, Vaca Muerta Formation	Aulacosphinctes proximus–Windhauseniceras internispinosum ammonoid biozones	El Ministerio Quarry, Los Catutos, Zapala Department, Neuquén Province, Argentina	AR	Fernandez2021JVP	1565746	MOZ-PV-1854	-70.18219	-38.80829							
Catutosaurus gaspariniae	species			late middle–early late Tithonian	Vaca Muerta Formation		Pampa Tril-Yesera del Tromen, Neuquén Province, Argentina	AR	Fernandez2021JVP		MOZ-PV-103	-69.78440	-37.29099							
Catutosaurus gaspariniae	species			late middle–early late Tithonian	Vaca Muerta Formation		Cerro Lotena, Neuquén Province, Argentina	AR	Fernandez2021JVP		MOZ-PV-7260	-69.79856	-39.23361							
Parrassaurus yacahuitztli	species			late Tithonian	La Caja Formation		Rancho el sombrero, Sierra de Parras, Saltillo Municipality, Coahuila, Mexico	MX	BarrientosLara2021A		CPC 307	-101.482778	25.138611							
Besanosaurus leptorhynchus	species	242.03	241.5	Illyrian	Besano Formation	Nevadites secedensis Ammonite Biozone	Sasso Caldo, Besano, Lombardy, Italy	IT	Bindellini2021P		BES SC 1016	9.233333	45.150002						layer 70/96 Bindellini et at 2021 Tbl 1	
Besanosaurus leptorhynchus	species	242.03	241.5	Illyrian	Besano Formation	Nevadites secedensis Ammonite Biozone	Valle Stelle, Canton Ticino, Switzerland	CH	Bindellini2021P		PIMUZ T 4376	8.93917	45.91235						layer 82/71 Bindellini et at 2021 Tbl 1	
Besanosaurus leptorhynchus	species	242.03	241.5	Illyrian	Besano Formation	Nevadites secedensis Ammonite Biozone	Cava Tre Fontaine, Canton Ticino, Switzerland	CH	Bindellini2021P		PIMUZ T 4847, PIMUZ T 1895	8.93695	45.91090						layer 60/116 Bindellini et at 2021 Tbl 1	
Besanosaurus leptorhynchus	species	242.03	241.5	Illyrian	Besano Formation	Nevadites secedensis Ammonite Biozone	unknown Swiss locality	CH	Bindellini2021P		GPIT 1793/1	8.95	45.91						unknown locality, prob. Monte San Giorgio	
Mixosauridae	clade			Ladinian	Blankmuten Member, Botneheia Formation		Edgeøya, Svalbard	SJ	Hurum2014NPDB		PMO 219.250	21.55198	77.81328							
Stenopterygius sp.	genus			Toarcian		serpentinum Ammonoid Biozone	LafargeHolcim Val d'Azergues Quarry, Beaujolais, France	FR	Martin2021GSLSP		MHNL 20103062	4.66749	45.88102							
Neoichthyosauria	clade			Toarcian		serpentinum Ammonoid Biozone	LafargeHolcim Val d'Azergues Quarry, Beaujolais, France	FR	Martin2021GSLSP		MHNL 20103364	4.66749	45.88102							
