accepted_name	max_ma	min_ma
Acamptonectes densus	134.71	133.87
Acamptonectes densus	134.71	133.87
Acamptonectes densus	133.32	132.85
Acuetzpalin carranzai	157.25	152.06
Aegirosaurus leptospondylus	152.06	150.94
Aegirosaurus leptospondylus	152.06	150.94
Aegirosaurus leptospondylus	152.06	150.94
Arthropterygius chrisorum	149.59	147.53
Arthropterygius chrisorum	145.73	143.57
Arthropterygius chrisorum	147.52	147.2
Arthropterygius hoybergeti	149.59	147.53
Arthropterygius hoybergeti	149.59	147.53
Arthropterygius chrisorum	161.18	152.06
Arthropterygius chrisorum	161.18	152.06
Arthropterygius chrisorum	145.73	143.57
Arthropterygius chrisorum	145.73	143.57
Arthropterygius chrisorum	149.59	147.53
Arthropterygius chrisorum	147.93	147.52
Arthropterygius hoybergeti	148.35	147.52
Arthropterygius lundi	149.59	147.53
Arthropterygius lundi	149.09	147.52
Arthropterygius lundi	149.59	147.53
Arthropterygius thalassonotus	147.72	145.73
Arthropterygius volgensis	149.59	147.53
Athabascasaurus bitumineus	113.14	110.22
Barracudasauroides panxianensis	244.34	244.14
Barracudasauroides panxianensis	244.34	244.14
Barracudasauroides panxianensis	244.34	244.14
Barracudasauroides panxianensis	244.34	244.14
Barracudasauroides panxianensis	244.34	244.14
Barracudasauroides panxianensis	244.34	244.14
Barracudasauroides panxianensis	244.34	244.14
Barracudasauroides panxianensis	244.34	244.14
Besanosaurus leptorhynchus	242.03	241.5
Brachypterygius extremus	151.92	150.66
Brachypterygius extremus	151.04	150.66
Brachypterygius pseudoscythica	150.19	149.59
Grendelius alekseevi	149.59	147.53
Grendelius zhuravlevi	149.59	147.53
Grendelius zhuravlevi	149.59	148.35
Californosaurus perrini	232.82	231.25
Californosaurus perrini	232.82	231.25
Californosaurus perrini	232.82	231.25
Californosaurus perrini	232.82	231.25
Callawayia neoscapularis	221.44	217.52
Callawayia neoscapularis	221.44	217.52
Callawayia neoscapularis	224.31	221.44
Shastasaurus pacificus	232.82	231.25
Shastasaurus pacificus	232.82	231.25
Shastasaurus pacificus	232.82	231.25
Shastasaurus pacificus	232.82	231.25
Shastasaurus pacificus	232.82	231.25
Shastasaurus pacificus	232.82	231.25
Shastasaurus pacificus	233.6	232.82
Shastasaurus pacificus	233.6	232.82
Shastasaurus pacificus	233.6	232.82
Shastasaurus sikanniensis	216.58	215.33
Shonisaurus popularis	233.6	217.52
Shonisaurus popularis	231.25	228.45
Shonisaurus popularis	231.25	228.45
Shonisaurus popularis	231.25	228.45
Caypullisaurus bonapartei	147.72	145.73
Caypullisaurus bonapartei	147.72	145.73
Caypullisaurus bonapartei	145.73	139.39
Caypullisaurus bonapartei	147.72	145.73
Caypullisaurus bonapartei	147.72	145.73
Cetarthrosaurus walkeri	107.59	100.5
Cetarthrosaurus walkeri	107.59	100.5
Cartorhynchus lenticarpus	247.14	247.06
Sisteronia seeleyi	100.25	98.37
Sisteronia seeleyi	107.59	100.5
Sisteronia seeleyi	107.59	100.5
Sisteronia seeleyi	107.59	100.5
Sisteronia seeleyi	107.59	100.5
Sisteronia seeleyi	113.14	107.59
Sisteronia seeleyi	113.14	107.59
Sisteronia seeleyi	100.25	93.9
Ophthalmosaurus natans	163.97	159.49
Ophthalmosaurus natans	161.18	159.88
Ophthalmosaurus natans	163.97	159.49
Ophthalmosaurus natans	163.97	159.49
Ophthalmosaurus natans	163.97	159.49
Ophthalmosaurus natans	163.97	159.49
Ophthalmosaurus natans	163.97	159.49
Ophthalmosaurus natans	163.97	159.49
Ophthalmosaurus natans	163.97	159.49
Ophthalmosaurus natans	163.97	159.49
Ophthalmosaurus natans	163.97	159.49
Ophthalmosaurus natans	163.97	161.18
Undorosaurus gorodischensis	147.45	146.9
Undorosaurus gorodischensis	147.45	146.9
Undorosaurus gorodischensis	147.52	147.2
Undorosaurus gorodischensis	146.67	146.43
Undorosaurus gorodischensis	147.93	147.45
Undorosaurus kielanae	149.59	146.9
Undorosaurus nessovi	147.93	147.45
Undorosaurus nessovi	147.93	147.45
Undorosaurus trautscholdi	147.45	146.67
Chacaicosaurus cayi	170.3	169.45
Chaohusaurus brevifemoralis	247.14	247.06
Chaohusaurus brevifemoralis	247.14	247.06
Sclerocormus parviceps	247.14	247.06
Chaohusaurus brevifemoralis	247.14	247.06
Chaohusaurus geishanensis	247.14	247.06
Chaohusaurus geishanensis	247.14	247.06
Chaohusaurus geishanensis	247.14	247.06
Chaohusaurus chaoxianensis	247.14	247.06
Chaohusaurus chaoxianensis	247.14	247.06
Chaohusaurus chaoxianensis	247.14	247.06
Chaohusaurus chaoxianensis	247.14	247.06
Chaohusaurus chaoxianensis	247.14	247.06
Chaohusaurus zhangjiawanensis	247.79	246.9
Chaohusaurus zhangjiawanensis	247.79	246.9
Cymbospondylus petrinus	243.43	239.1
Cymbospondylus petrinus	243.43	239.1
Cymbospondylus duelferi	243.43	239.1
Cymbospondylus petrinus	243.43	239.1
Cymbospondylus petrinus	243.43	239.1
Cymbospondylus nichollsi	243.43	239.1
Cymbospondylus buchseri	242.03	241.5
Dearcmhara shawcrossi	174.43	169.45
Ichthyosaurus communis	196.54	195.59
Ichthyosaurus communis	196.54	195.59
Utatsusaurus hataii	247.14	247.06
Utatsusaurus hataii	247.39	246.8
Utatsusaurus hataii	247.14	247.06
Utatsusaurus hataii	247.14	247.06
Thaisaurus chonglakmanii	247.91	247.39
Grippia longirostris	247.04	246.8
Grippia longirostris	247.04	246.8
Grippia longirostris	247.04	246.8
Grippia longirostris	247.04	246.8
Grippia longirostris	247.04	246.8
Grippia longirostris	247.04	246.8
Grippia longirostris	247.04	246.8
Grippia longirostris	247.04	246.8
Grippia longirostris	247.04	246.8
Grippia longirostris	247.04	246.8
Grippia longirostris	247.04	246.8
Grippia longirostris	247.04	246.8
Grippia longirostris	247.04	246.8
Grippia longirostris	247.04	246.8
Grippia longirostris	247.04	246.8
Grippia longirostris	247.04	246.8
Pessopteryx nisseri	247.04	246.8
Pessopteryx nisseri	247.04	246.8
Pessopteryx nisseri	247.04	246.8
Pessopteryx nisseri	247.04	246.8
Pessopteryx nisseri	247.04	246.8
Grippia longirostris	247.04	246.8
Grippia longirostris	247.04	246.8
Quasianosteosaurus vikinghoegdai	247.04	246.8
Phalarodon callawayi	243.43	239.1
Phalarodon callawayi	243.43	239.1
Phalarodon callawayi	243.43	239.1
Phalarodon callawayi	239.1	235.59
Phalarodon callawayi	239.1	235.59
Phalarodon callawayi	239.1	235.59
Phalarodon callawayi	239.1	235.59
Phalarodon callawayi	239.1	235.59
Phalarodon callawayi	239.1	235.59
Phalarodon callawayi	239.1	235.59
Phalarodon callawayi	239.1	235.59
Phalarodon callawayi	239.1	235.59
Phalarodon callawayi	239.1	235.59
Phalarodon callawayi	247.39	239.1
Phalarodon fraasi	247.39	239.1
Phalarodon callawayi	247.39	239.1
Phalarodon callawayi	247.39	239.1
Phalarodon callawayi	247.39	239.1
Phalarodon callawayi	247.39	239.1
Phalarodon callawayi	247.39	239.1
Phalarodon callawayi	248.2	246.8
Phalarodon fraasi	243.43	239.1
Phalarodon fraasi	243.43	239.1
Phalarodon fraasi	239.1	237
Phalarodon fraasi	239.1	237
Phalarodon fraasi	239.1	237
Phalarodon fraasi	239.1	237
Phalarodon fraasi	239.1	237
Phalarodon fraasi	239.1	237
Phalarodon fraasi	239.1	237
Phalarodon fraasi	239.1	237
Phalarodon fraasi	244.34	243.43
Phalarodon fraasi	246.8	237
Phalarodon fraasi	246.8	237
Phalarodon major	244.34	243.43
Phalarodon major	244.34	243.43
Platypterygius hercynicus	122.98	113.14
Platypterygius hercynicus	103.94	103.13
Kyhytysuka sachicarum	130.77	113.14
Kyhytysuka sachicarum	127.47	126.3
Auroroborealia incognita	226.54	222.5
Auroroborealia incognita	226.54	222.5
Auroroborealia incognita	226.54	222.5
Auroroborealia incognita	226.54	222.5
Auroroborealia incognita	226.54	222.5
Auroroborealia incognita	226.54	222.5
Cymbospondylus youngorum	245.09	243.43
Thalattoarchon saurophagis	245.09	243.43
Platypterygius hauthali	139.39	130.77
Ichthyosaurus communis	199.4	191.36
Jabalisaurus meztli	154.73	152.06
Sumpalla argentina	150	145.73
Stenopterygius quadriscissus	182.9	181.21
Ichthyosaurus breviceps	201.36	183.7
Tholodus schmidi	245.09	243.43
Catutosaurus gaspariniae	150	145.73
Catutosaurus gaspariniae	147.72	139.39
Catutosaurus gaspariniae	147.72	139.39
Parrassaurus yacahuitztli	147.72	145.73
Besanosaurus leptorhynchus	242.03	241.5
Besanosaurus leptorhynchus	242.03	241.5
Besanosaurus leptorhynchus	242.03	241.5
Besanosaurus leptorhynchus	242.03	241.5
Besanosaurus leptorhynchus	242.03	241.5
Caypullisaurus bonapartei	147.72	145.73
Platypterygius australis	107.59	100.5
Platypterygius australis	107.59	100.5
Platypterygius australis	107.59	100.5
Platypterygius australis	107.59	100.5
Platypterygius australis	107.59	100.5
Platypterygius australis	107.59	100.5
Platypterygius australis	107.59	100.5
Platypterygius australis	107.59	100.5
Platypterygius australis	107.59	100.5
Thalassodraco etchesi	150.18	149.59
Muiscasaurus catheti	122.98	113.14
Temnodontosaurus crassimanus	180.36	178.24
Temnodontosaurus zetlandicus	180.36	178.24
Temnodontosaurus zetlandicus	182.9	182.05
Eretmorhipis carrolldongi	247.39	246.8
Eretmorhipis carrolldongi	247.39	246.8
Mixosaurus cornalianus	242.03	241.5
Mixosaurus cornalianus	242.03	241.5
Maiaspondylus lindoei	113.14	107.59
Maiaspondylus lindoei	113.14	107.59
Maiaspondylus lindoei	107.59	100.5
Maiaspondylus lindoei	107.59	100.5
Maiaspondylus lindoei	107.59	100.5
Maiaspondylus lindoei	107.59	100.5
Maiaspondylus lindoei	107.59	100.5
Maiaspondylus lindoei	107.59	100.5
Maiaspondylus cantabridgiensis	107.59	100.5
Maiaspondylus cantabridgiensis	107.59	100.5
Maiaspondylus cantabridgiensis	107.59	100.5
Maiaspondylus cantabridgiensis	107.59	100.5
Maiaspondylus cantabridgiensis	107.59	100.5
Maiaspondylus cantabridgiensis	107.59	100.5
Maiaspondylus cantabridgiensis	107.59	100.5
Maiaspondylus cantabridgiensis	107.59	100.5
Maiaspondylus cantabridgiensis	107.59	100.5
Maiaspondylus cantabridgiensis	107.59	100.5
Maiaspondylus cantabridgiensis	107.59	100.5
Maiaspondylus cantabridgiensis	107.59	100.5
Maiaspondylus cantabridgiensis	107.59	100.5
Maiaspondylus cantabridgiensis	107.59	100.5
Maiaspondylus cantabridgiensis	107.59	100.5
Maiaspondylus cantabridgiensis	107.59	100.5
Maiaspondylus cantabridgiensis	111.27	110.87
Maiaspondylus cantabridgiensis	111.27	110.87
Eretmorhipis carrolldongi	247.39	246.8
Hauffiopteryx altera	182.9	182.05
Hauffiopteryx typicus	188.29	185.09
Hauffiopteryx typicus	182.9	182.05
Hauffiopteryx typicus	182.9	182.05
Hauffiopteryx typicus	182.9	182.05
Hauffiopteryx typicus	182.9	180.36
Hauffiopteryx typicus	182.9	180.36
Hauffiopteryx typicus	182.9	180.36
Hauffiopteryx typicus	182.9	180.36
Nannopterygius enthekiodon	154.73	147.72
Nannopterygius enthekiodon	154.73	147.72
Nannopterygius enthekiodon	150.66	150.18
Nannopterygius enthekiodon	151.5	151.04
Nannopterygius enthekiodon	150.66	150.18
Nannopterygius enthekiodon	150.66	150.18
Nannopterygius enthekiodon	150.66	150.18
Nannopterygius enthekiodon	150.66	150.18
Nannopterygius enthekiodon	150.66	150.18
Nannopterygius enthekiodon	154.73	147.72
Nannopterygius enthekiodon	154.73	147.72
Nannopterygius enthekiodon	154.73	147.72
Nannopterygius enthekiodon	154.73	147.72
Nannopterygius enthekiodon	154.73	147.72
Nannopterygius saveljeviensis	147.93	147.45
Nannopterygius saveljeviensis	149.59	147.53
Nannopterygius yasykovi	147.45	146.9
Nannopterygius saveljeviensis	147.45	146.9
Nannopterygius saveljeviensis	147.45	146.9
Nannopterygius saveljeviensis	147.45	146.9
Nannopterygius saveljeviensis	147.45	146.9
Nannopterygius saveljeviensis	147.45	146.9
Nannopterygius saveljeviensis	147.45	146.9
Nannopterygius yasykovi	146.96	146.45
Nannopterygius saveljeviensis	146.96	146.45
Nannopterygius saveljeviensis	146.72	146.45
Nannopterygius yasykovi	147.93	147.45
Nannopterygius yasykovi	147.93	147.45
Nannopterygius saveljeviensis	149.59	147.53
Nannopterygius borealis	141.75	141.15
Nannopterygius borealis	144.67	144.1
Protoichthyosaurus prostaxalis	197.95	196.4
Protoichthyosaurus prostaxalis	201.08	200.91
Protoichthyosaurus prostaxalis	201.08	200.91
Eurhinosaurus longirostris	181.21	180.36
Ichthyosaurus conybeari	199.36	197.95
Ichthyosaurus conybeari	200.16	197.95
Ichthyosaurus conybeari	200.16	197.95
Ichthyosaurus conybeari	191.05	190.74
Temnodontosaurus trigonodon	183.7	180.36
Brachypterygius extremus	157.25	152.06
Brachypterygius extremus	157.25	152.06
Guizhouichthyosaurus tangae	244.34	244.14
Guizhouichthyosaurus tangae	244.34	244.14
Ophthalmosaurus icenicus	163.1	152.06
Wahlisaurus massarae	201.36	201.16
Temnodontosaurus trigonodon	183.7	180.36
Ichthyosaurus acutirostris	183.7	180.36
Ichthyosaurus somersetensis	201.08	200.99
Tholodus schmidi	246.8	237
Ichthyosaurus communis	199.76	198.89
Temnodontosaurus platyodon	182.9	180.36
Platypterygius australis	107.59	100.5
Platypterygius australis	107.59	100.5
Platypterygius australis	107.59	100.5
Platypterygius australis	107.59	100.5
Platypterygius australis	107.59	100.5
Platypterygius australis	107.59	100.5
Platypterygius australis	107.59	100.5
Platypterygius australis	107.59	100.5
Platypterygius australis	107.59	100.5
Platypterygius australis	107.59	100.5
Platypterygius australis	107.59	100.5
Platypterygius australis	107.59	100.5
Platypterygius australis	107.59	100.5
Platypterygius australis	107.59	100.5
Platypterygius australis	107.59	100.5
Platypterygius australis	107.59	100.5
Eohupehsuchus brevicollis	247.39	246.8
Parahupehsuchus longus	247.39	246.8
Nanchangosaurus suni	247.39	246.8
Nanchangosaurus suni	247.39	246.8
Hupehsuchus nanchangensis	247.39	246.8
Hupehsuchus nanchangensis	247.39	246.8
Hupehsuchus nanchangensis	247.39	246.8
Hupehsuchus nanchangensis	247.39	246.8
Hupehsuchus nanchangensis	247.39	246.8
Hupehsuchus nanchangensis	247.39	246.8
Eretmorhipis carrolldongi	247.39	246.8
Eretmorhipis carrolldongi	247.39	246.8
Contectopalatus atavus	244.34	243.43
Contectopalatus atavus	244.34	243.43
Contectopalatus atavus	244.34	243.43
Contectopalatus atavus	244.34	243.43
Contectopalatus atavus	244.34	243.43
Contectopalatus atavus	242.38	241.5
Contectopalatus atavus	244.34	243.43
Contectopalatus atavus	244.34	243.43
Contectopalatus atavus	244.34	243.43
Contectopalatus atavus	244.34	244.14
Guizhouichthyosaurus tangae	235.59	233.6
Guizhouichthyosaurus tangae	235.59	233.6
Guizhouichthyosaurus tangae	235.59	233.6
Guizhouichthyosaurus tangae	235.59	233.6
Guizhouichthyosaurus tangae	235.59	233.6
Guizhouichthyosaurus tangae	235.59	233.6
Guizhouichthyosaurus tangae	235.59	233.6
Guizhouichthyosaurus tangae	235.59	233.6
Guizhouichthyosaurus tangae	235.59	233.6
Guizhouichthyosaurus wolonggangense	235.59	233.6
Guizhouichthyosaurus wolonggangense	235.59	233.6
Guizhouichthyosaurus tangae	235.59	233.6
Guizhouichthyosaurus tangae	235.59	233.6
Guizhouichthyosaurus tangae	235.59	233.6
Gulosaurus helmi	248.2	246.8
Himalayasaurus tibetensis	228.45	209.56
Hudsonelpidia brevirostris	224.31	221.44
Hudsonelpidia brevirostris	224.31	221.44
Isfjordosaurus minor	247.04	246.8
Macgowania janiceps	217.52	214.07
Mixosaurus cornalianus	242.03	241.5
Mixosaurus cornalianus	242.03	241.5
Mixosaurus cornalianus	242.03	241.5
Mixosaurus cornalianus	242.03	241.5
Mixosaurus cornalianus	242.03	241.5
Mixosaurus cornalianus	242.03	241.5
Mixosaurus cornalianus	242.03	241.5
Mixosaurus cornalianus	242.03	241.5
Mixosaurus cornalianus	242.03	241.5
Mixosaurus cornalianus	242.03	241.5
Mixosaurus cornalianus	242.03	241.5
Mixosaurus cornalianus	242.03	241.5
Mixosaurus cornalianus	242.03	241.5
Mixosaurus cornalianus	242.03	241.5
Mixosaurus cornalianus	242.03	241.5
Mixosaurus cornalianus	242.03	241.5
Mixosaurus cornalianus	242.03	241.5
Mixosaurus cornalianus	242.03	241.5
Mixosaurus cornalianus	242.03	241.5
Mixosaurus cornalianus	242.03	241.5
Mixosaurus cornalianus	242.03	241.5
Mixosaurus cornalianus	242.03	241.5
Mixosaurus cornalianus	242.03	241.5
Mixosaurus cornalianus	242.03	241.5
Mixosaurus cornalianus	242.03	241.5
Mixosaurus cornalianus	242.03	241.5
Mixosaurus cornalianus	242.03	241.5
Mixosaurus cornalianus	242.03	241.5
Mixosaurus cornalianus	242.03	241.5
Mixosaurus cornalianus	242.03	241.5
Mixosaurus cornalianus	242.03	241.5
Mixosaurus kuhnschneyderi	242.03	241.5
Mixosaurus kuhnschneyderi	242.03	241.5
Mixosaurus kuhnschneyderi	242.03	241.5
Mixosaurus kuhnschneyderi	242.03	241.5
Mixosaurus kuhnschneyderi	242.03	241.5
Mixosaurus kuhnschneyderi	242.03	241.5
Mixosaurus kuhnschneyderi	242.03	241.5
Mixosaurus xindianensis	244.34	244.14
Parvinatator wapitiensis	248.2	246.8
Phantomosaurus neubigi	243.43	241.5
Qianichthyosaurus xingyiensis	241.5	237
Qianichthyosaurus xingyiensis	241.5	237
Qianichthyosaurus zhoui	235.59	233.6
Qianichthyosaurus zhoui	235.59	233.6
Qianichthyosaurus zhoui	235.59	233.6
Qianichthyosaurus zhoui	235.59	233.6
Qianichthyosaurus zhoui	235.59	233.6
Qianichthyosaurus zhoui	235.59	233.6
Qianichthyosaurus zhoui	235.59	233.6
Qianichthyosaurus zhoui	235.59	233.6
Quasianosteosaurus vikinghoegdai	247.04	246.8
Sclerocormus parviceps	247.14	247.06
Shastasaurus liangae	235.59	233.6
Shastasaurus liangae	235.59	233.6
Shastasaurus liangae	235.59	233.6
Shastasaurus liangae	235.59	233.6
Shastasaurus liangae	235.59	233.6
Toretocnemus zitteli	232.82	231.25
Toretocnemus californicus	232.82	231.25
Toretocnemus californicus	233.6	228.45
Toretocnemus californicus	214.07	209.56
Toretocnemus californicus	214.07	209.56
Shastasaurus pacificus	233.6	232.82
Shastasaurus pacificus	233.6	232.82
Shastasaurus pacificus	233.6	232.82
Wimanius odontopalatus	242.03	241.5
Xinminosaurus catactes	244.34	243.43
Grippia longirostris	248.2	246.8
Grippia longirostris	248.2	246.8
Grippia longirostris	248.2	246.8
Mixosaurus kuhnschneyderi	244.34	243.43
Baisesaurus robustus	247.79	246.9
Eurhinosaurus longirostris	181.21	180.36
Eurhinosaurus longirostris	180.36	178.24
Eurhinosaurus longirostris	183.7	178.24
Eurhinosaurus longirostris	182.9	182.05
Eurhinosaurus longirostris	182.9	181.21
Eurhinosaurus longirostris	182.9	181.21
Eurhinosaurus longirostris	182.9	181.21
Eurhinosaurus longirostris	182.9	181.21
Eurhinosaurus longirostris	182.9	181.21
Eurhinosaurus longirostris	182.9	180.36
Eurhinosaurus longirostris	183.7	180.36
Eurhinosaurus longirostris	183.7	180.36
Eurhinosaurus longirostris	183.7	180.36
Excalibosaurus costini	199.36	197.95
Excalibosaurus costini	199.36	197.95
Gengasaurus nicosiae	153.55	150.94
Ichthyosaurus anningae	191.05	190.74
Ichthyosaurus anningae	199.4	183.7
Ichthyosaurus anningae	199.4	183.7
Ichthyosaurus anningae	200.16	193.24
Ichthyosaurus breviceps	200.16	196.54
Ichthyosaurus breviceps	200.16	196.54
Ichthyosaurus breviceps	200.16	196.54
Ichthyosaurus breviceps	200.16	196.54
Ichthyosaurus breviceps	200.16	196.54
Ichthyosaurus breviceps	200.16	196.54
Ichthyosaurus breviceps	200.16	196.54
Ichthyosaurus breviceps	200.16	196.54
Ichthyosaurus larkini	201.36	201.16
Ichthyosaurus larkini	201.36	201.16
Ichthyosaurus larkini	201.36	201.16
Ichthyosaurus larkini	201.36	201.16
Ichthyosaurus somersetensis	201.36	201.16
Ichthyosaurus somersetensis	201.36	201.16
Ichthyosaurus somersetensis	201.36	201.16
Ichthyosaurus somersetensis	201.36	201.16
Ichthyosaurus somersetensis	201.36	201.16
Ichthyosaurus communis	200.16	196.54
Ichthyosaurus communis	200.16	196.54
Ichthyosaurus communis	200.16	196.54
Ichthyosaurus communis	200.16	196.54
Ichthyosaurus communis	200.16	196.54
Ichthyosaurus communis	200.16	196.54
Ichthyosaurus communis	200.16	196.54
Ichthyosaurus communis	200.16	196.54
Ichthyosaurus communis	200.16	196.54
Ichthyosaurus communis	200.16	196.54
Ichthyosaurus communis	200.16	196.54
Ichthyosaurus communis	200.16	196.54
Protoichthyosaurus prostaxalis	201.36	201.16
Protoichthyosaurus prostaxalis	201.36	201.16
Protoichthyosaurus prostaxalis	201.36	201.16
Protoichthyosaurus prostaxalis	201.36	201.16
Protoichthyosaurus prostaxalis	201.36	201.16
Protoichthyosaurus prostaxalis	201.36	201.16
Protoichthyosaurus prostaxalis	201.36	201.16
Protoichthyosaurus prostaxalis	201.36	201.16
Protoichthyosaurus prostaxalis	201.36	201.16
Protoichthyosaurus prostaxalis	201.36	201.16
Protoichthyosaurus prostaxalis	201.36	201.16
Protoichthyosaurus prostaxalis	201.36	201.16
Protoichthyosaurus prostaxalis	201.36	201.16
Protoichthyosaurus prostaxalis	201.36	201.16
Protoichthyosaurus prostaxalis	200.16	196.54
Protoichthyosaurus applebyi	201.36	174.15
Protoichthyosaurus applebyi	199.36	197.95
Protoichthyosaurus applebyi	200.16	196.54
Leninia stellans	126.01	123.88
Leptonectes solei	195.12	194.65
Leptonectes solei	195.59	194.18
Leptonectes moorei	189.82	189.52
Leptonectes tenuirostris	201.36	201.16
Leptonectes tenuirostris	201.36	201.16
Leptonectes tenuirostris	201.36	201.16
Leptonectes tenuirostris	201.36	201.16
Leptonectes tenuirostris	201.36	201.16
Leptonectes tenuirostris	201.36	201.16
Leptonectes tenuirostris	201.36	201.16
Leptonectes tenuirostris	201.36	201.16
Leptonectes tenuirostris	201.36	201.16
Leptonectes tenuirostris	201.36	201.16
Leptonectes tenuirostris	201.36	201.16
Leptonectes tenuirostris	201.36	201.16
Leptonectes tenuirostris	201.36	201.16
Leptonectes tenuirostris	201.36	201.16
Leptonectes tenuirostris	201.36	201.16
Malawania anachronus	133.48	126.3
Mollesaurus periallus	170.3	169.45
Muiscasaurus catheti	122.98	113.14
Pervushovisaurus bannovkensis	96.24	95.47
Simbirskiasaurus birjukovi	130.77	129.41
Pervushovisaurus campylodon	100.5	96.24
Pervushovisaurus campylodon	100.5	96.24
Pervushovisaurus campylodon	100.5	96.24
Pervushovisaurus campylodon	100.5	96.24
Platypterygius americanus	107.59	100.5
Platypterygius americanus	100.5	96.24
Platypterygius americanus	100.5	96.24
Platypterygius americanus	113.14	93.9
Platypterygius hauthali	130.77	129.41
Platypterygius hauthali	130.77	129.41
Platypterygius ochevi	113.14	93.9
Stenopterygius aaleniensis	174.15	172.13
Suevoleviathan disinteger	182.9	181.21
Suevoleviathan disinteger	182.9	181.21
Suevoleviathan integer	182.9	182.05
Suevoleviathan integer	180.36	178.24
Suevoleviathan integer	183.7	180.36
Suevoleviathan disinteger	183.7	180.36
Temnodontosaurus azerguensis	180.36	178.24
Temnodontosaurus nuertingensis	191.36	189.21
Temnodontosaurus eurycephalus	199.36	197.95
Temnodontosaurus platyodon	200.16	196.54
Temnodontosaurus platyodon	200.16	196.54
Temnodontosaurus platyodon	200.16	196.54
Temnodontosaurus platyodon	200.16	196.54
Temnodontosaurus platyodon	200.16	196.54
Temnodontosaurus platyodon	200.16	196.54
Temnodontosaurus platyodon	200.16	196.54
Temnodontosaurus platyodon	200.16	196.54
Temnodontosaurus platyodon	200.16	196.54
Temnodontosaurus platyodon	200.16	196.54
Temnodontosaurus platyodon	200.16	196.54
Temnodontosaurus platyodon	195.59	194.18
Temnodontosaurus platyodon	195.59	191.36
Temnodontosaurus platyodon	195.59	191.36
Temnodontosaurus trigonodon	182.9	182.05
Temnodontosaurus trigonodon	182.9	182.05
Temnodontosaurus trigonodon	182.9	182.05
Temnodontosaurus trigonodon	182.9	182.05
Temnodontosaurus trigonodon	182.9	182.05
Temnodontosaurus trigonodon	182.9	182.05
Temnodontosaurus trigonodon	181.21	180.36
Temnodontosaurus trigonodon	181.21	180.36
Temnodontosaurus trigonodon	181.21	180.36
Temnodontosaurus trigonodon	181.21	180.36
Temnodontosaurus trigonodon	182.9	181.21
Temnodontosaurus trigonodon	182.9	181.21
Temnodontosaurus trigonodon	183.7	180.36
Temnodontosaurus trigonodon	183.7	180.36
Temnodontosaurus trigonodon	183.7	180.36
Temnodontosaurus trigonodon	183.7	180.36
Temnodontosaurus trigonodon	183.7	180.36
Temnodontosaurus trigonodon	183.7	180.36
Temnodontosaurus trigonodon	183.7	180.36
Temnodontosaurus trigonodon	183.7	180.36
Temnodontosaurus trigonodon	182.9	181.21
Temnodontosaurus trigonodon	182.9	181.21
Temnodontosaurus trigonodon	182.9	181.21
Temnodontosaurus trigonodon	182.9	181.21
Temnodontosaurus trigonodon	182.9	181.21
Hauffiopteryx typicus	182.9	182.05
Hauffiopteryx typicus	182.9	182.05
Temnodontosaurus platyodon	197.95	196.4
Hauffiopteryx typicus	176.23	174.97
Hauffiopteryx typicus	183.3	182.9
Stenopterygius quadriscissus	183.1	182.05
Stenopterygius quadriscissus	183.3	182.9
Stenopterygius quadriscissus	183.3	182.9
Stenopterygius quadriscissus	183.3	182.9
Stenopterygius quadriscissus	183.3	182.9
Stenopterygius quadriscissus	183.3	182.9
Stenopterygius quadriscissus	183.3	182.9
Stenopterygius quadriscissus	183.3	182.9
Stenopterygius quadriscissus	183.3	182.9
Stenopterygius quadriscissus	183.3	182.9
Stenopterygius quadriscissus	183.3	182.9
Stenopterygius quadriscissus	183.3	182.9
Stenopterygius quadriscissus	183.3	182.9
Stenopterygius quadriscissus	183.3	182.9
Stenopterygius quadriscissus	183.3	182.9
Stenopterygius quadriscissus	183.3	182.9
Stenopterygius quadriscissus	183.1	182.9
Stenopterygius quadriscissus	183.1	182.9
Stenopterygius quadriscissus	182.9	182.05
Stenopterygius quadriscissus	182.9	182.05
Stenopterygius quadriscissus	182.9	182.05
Stenopterygius quadriscissus	182.9	182.05
Stenopterygius quadriscissus	182.9	181.21
Stenopterygius quadriscissus	182.9	181.21
Stenopterygius quadriscissus	182.9	181.21
Stenopterygius quadriscissus	182.9	181.21
Stenopterygius quadriscissus	181.21	180.36
Stenopterygius quadriscissus	181.21	180.36
Stenopterygius quadriscissus	181.21	180.36
Stenopterygius quadriscissus	182.9	181.21
Stenopterygius quadriscissus	183.3	182.9
Stenopterygius triscissus	182.9	181.21
Stenopterygius triscissus	182.9	181.21
Stenopterygius triscissus	182.9	181.21
Stenopterygius triscissus	181.21	180.36
Stenopterygius triscissus	181.21	180.36
Stenopterygius triscissus	182.9	182.05
Stenopterygius triscissus	182.9	182.05
Stenopterygius triscissus	182.9	182.05
Stenopterygius triscissus	182.9	182.05
Stenopterygius triscissus	182.9	182.05
Stenopterygius triscissus	183.3	182.9
Stenopterygius triscissus	182.9	180.36
Stenopterygius triscissus	183.1	182.9
Stenopterygius triscissus	181.21	180.36
Stenopterygius triscissus	181.21	180.36
Stenopterygius uniter	181.21	180.36
Stenopterygius uniter	181.21	180.36
Stenopterygius uniter	181.21	180.36
Stenopterygius uniter	181.21	180.36
Stenopterygius uniter	181.21	180.36
Stenopterygius uniter	181.21	180.36
Stenopterygius uniter	181.21	180.36
Stenopterygius uniter	181.21	180.36
Stenopterygius uniter	182.9	181.21
Stenopterygius uniter	182.9	181.21
Stenopterygius uniter	182.9	181.21
Stenopterygius uniter	182.9	181.21
Stenopterygius quadriscissus	183.7	180.36
Stenopterygius quadriscissus	183.7	180.36
Stenopterygius quadriscissus	183.7	180.36
Ophthalmosaurus icenicus	164.95	164.18
Ophthalmosaurus icenicus	164.95	164.18
Ophthalmosaurus icenicus	164.95	164.18
Ophthalmosaurus icenicus	164.95	164.18
Ophthalmosaurus icenicus	164.95	164.18
Ophthalmosaurus icenicus	164.95	164.18
Ophthalmosaurus icenicus	164.95	164.18
Ophthalmosaurus icenicus	164.95	164.18
Ophthalmosaurus icenicus	164.95	164.18
Ophthalmosaurus icenicus	164.95	164.18
Ophthalmosaurus icenicus	164.95	164.18
Ophthalmosaurus icenicus	164.95	164.18
Ophthalmosaurus icenicus	164.95	164.18
Ophthalmosaurus icenicus	164.95	164.18
Ophthalmosaurus icenicus	164.95	164.18
Ophthalmosaurus icenicus	164.95	164.18
Ophthalmosaurus icenicus	164.95	164.18
Ophthalmosaurus icenicus	164.95	164.18
Ophthalmosaurus icenicus	164.95	164.18
Ophthalmosaurus icenicus	164.95	164.18
Ophthalmosaurus icenicus	164.95	164.18
Ophthalmosaurus icenicus	164.95	164.18
Ophthalmosaurus icenicus	164.95	164.18
Ophthalmosaurus icenicus	164.95	164.18
Ophthalmosaurus icenicus	164.95	164.18
Ophthalmosaurus icenicus	164.95	164.18
Ophthalmosaurus icenicus	164.95	164.18
Ophthalmosaurus icenicus	164.95	164.18
Ophthalmosaurus icenicus	164.95	164.18
Ophthalmosaurus icenicus	164.95	164.18
Ophthalmosaurus icenicus	164.95	164.18
Ophthalmosaurus icenicus	164.95	164.18
Ophthalmosaurus icenicus	164.95	164.18
Ophthalmosaurus icenicus	164.95	164.18
Ophthalmosaurus icenicus	164.95	164.18
Ophthalmosaurus icenicus	164.95	164.18
Ophthalmosaurus icenicus	164.95	164.18
Ophthalmosaurus icenicus	164.95	164.18
Ophthalmosaurus icenicus	164.95	164.18
Ophthalmosaurus icenicus	164.95	164.18
Ophthalmosaurus icenicus	164.95	164.18
Ophthalmosaurus icenicus	164.95	164.18
Ophthalmosaurus icenicus	164.95	164.18
Ophthalmosaurus icenicus	164.95	164.18
Ophthalmosaurus icenicus	164.95	164.18
Ophthalmosaurus icenicus	164.95	164.18
Ophthalmosaurus icenicus	164.95	164.18
Ophthalmosaurus icenicus	164.95	164.18
Ophthalmosaurus icenicus	164.95	164.18
Ophthalmosaurus icenicus	164.95	164.18
Ophthalmosaurus icenicus	164.95	164.18
Ophthalmosaurus icenicus	164.95	164.18
Ophthalmosaurus icenicus	164.95	164.18
Ophthalmosaurus icenicus	164.95	164.18
Ophthalmosaurus icenicus	164.95	164.18
Ophthalmosaurus icenicus	164.95	164.18
Ophthalmosaurus icenicus	164.95	164.18
Ophthalmosaurus icenicus	164.95	164.18
Ophthalmosaurus icenicus	164.95	164.18
Ophthalmosaurus icenicus	164.95	164.18
Ophthalmosaurus icenicus	164.95	164.18
Ophthalmosaurus icenicus	164.95	164.18
Ophthalmosaurus icenicus	164.95	164.18
Stenopterygius quadriscissus	182.9	180.36
Stenopterygius triscissus	182.9	180.36
Stenopterygius triscissus	182.9	180.36
Stenopterygius triscissus	182.9	180.36
Stenopterygius triscissus	182.9	180.36
Ophthalmosaurus natans	163.1	152.06
Ophthalmosaurus natans	163.1	152.06
Ichthyosaurus acutirostris	183.7	180.36
Ichthyosaurus acutirostris	183.7	180.36
Ichthyosaurus acutirostris	183.7	180.36
Ichthyosaurus acutirostris	183.7	180.36
Ichthyosaurus acutirostris	183.7	180.36
Ichthyosaurus acutirostris	183.7	180.36
Ichthyosaurus acutirostris	183.7	180.36
Ichthyosaurus acutirostris	183.7	180.36
Ichthyosaurus acutirostris	183.7	180.36
Ichthyosaurus acutirostris	183.7	180.36
Ichthyosaurus communis	194.18	193.24
Ichthyosaurus communis	197.95	196.4
