oid	accepted_name	accepted_rank	max_ma	min_ma	stratigraphy	lithostratigraphy	biostratigraphy	locality	country_code	references	specimen_no	pbdb_occurrences	gbif_occurrences	lat	lng	utm	paleo_lng	paleo_lat	higher_than	comments
31	Barracudasauroides panxianensis	species	244.34	244.14	Pelsonian	Falang Formation	Nicoraella kockeli Conodont Biozone	Panxian, Guizhou, China	CN	Motani2008JVP	NA	899756	NA	25.518888	104.905556	NA	NA	NA	NA	NA
32	Barracudasauroides panxianensis	species	244.34	244.14	Pelsonian	Falang Formation	Nicoraella kockeli Conodont Biozone	Panxian, Guizhou, China	CN	Motani2008JVP	NA	899759	NA	25.518888	104.905556	NA	NA	NA	NA	NA
33	Barracudasauroides panxianensis	species	244.34	244.14	Pelsonian	Falang Formation	Nicoraella kockeli Conodont Biozone	Panxian, Guizhou, China	CN	Motani2008JVP	NA	899762	NA	25.518888	104.905556	NA	NA	NA	NA	NA
34	Barracudasauroides panxianensis	species	244.34	244.14	Pelsonian	Falang Formation	Nicoraella kockeli Conodont Biozone	Panxian, Guizhou, China	CN	Motani2008JVP	NA	899764	NA	25.518888	104.905556	NA	NA	NA	NA	NA
35	Barracudasauroides panxianensis	species	244.34	244.14	Pelsonian	Falang Formation	Nicoraella kockeli Conodont Biozone	Panxian, Guizhou, China	CN	Motani2008JVP	NA	899766	NA	25.518888	104.905556	NA	NA	NA	NA	NA
36	Barracudasauroides panxianensis	species	244.34	244.14	Pelsonian	Falang Formation	Nicoraella kockeli Conodont Biozone	Panxian, Guizhou, China	CN	Motani2008JVP	NA	899768	NA	25.518888	104.905556	NA	NA	NA	NA	NA
37	Barracudasauroides panxianensis	species	244.34	244.14	Pelsonian	Falang Formation	Nicoraella kockeli Conodont Biozone	Panxian, Guizhou, China	CN	Motani2008JVP	NA	899770	NA	25.518888	104.905556	NA	NA	NA	NA	NA
38	Barracudasauroides panxianensis	species	244.34	244.14	Pelsonian	Falang Formation	Nicoraella kockeli Conodont Biozone	Panxian, Guizhou, China	CN	Motani2008JVP	NA	899772	NA	25.518888	104.905556	NA	NA	NA	NA	NA
41	Besanosaurus leptorhynchus	species	242.03	241.5	Illyrian	Besano Formation	Nevadites secedensis Ammonite Biozone	Besano, Lombardy, Italy	IT	DalSasso1996PL	BES SC 999	1134407	NA	45.150002	9.233333	NA	NA	NA	NA	layer 65/107 Bindellini et at 2021 Tbl 1
51	Californosaurus perrini	species	232.82	231.25	Lower Tuvalian	Hosselkus Limestone Formation	Tropites subbulatus Ammonite Biozone	Shasta County, California, USA	US	Merriam1908MUC	UCMP 9119	1134408	NA	40.820831	-122.190834	NA	NA	NA	NA	as Delphinosaurus; locality as from Mazin & Sander (1993)
52	Californosaurus perrini	species	232.82	231.25	Lower Tuvalian	Hosselkus Limestone Formation	Tropites subbulatus Ammonite Biozone	Shasta County, California, USA	US	Merriam1908MUC	UCMP 10998	1419476	NA	40.820831	-122.190834	NA	NA	NA	NA	locality as from Mazin & Sander (1993)
53	Californosaurus perrini	species	232.82	231.25	Lower Tuvalian	Hosselkus Limestone Formation	Tropites subbulatus Ammonite Biozone	Shasta County, California, USA	US	Merriam1908MUC	UCMP 9082	NA	NA	40.820831	-122.190834	NA	NA	NA	NA	locality as from Mazin & Sander (1993)
54	Californosaurus perrini	species	232.82	231.25	Lower Tuvalian	Hosselkus Limestone Formation	Tropites subbulatus Ammonite Biozone	Shasta County, California, USA	US	Merriam1908MUC	UCMP 9086	NA	NA	40.820831	-122.190834	NA	NA	NA	NA	locality as from Mazin & Sander (1993)
55	Callawayia neoscapularis	species	221.44	217.52	Lacian	Pardonet Formation	Epigondolella triangularis Conodont Biozone	Williston Lake, British Columbia, Canada	CA	McGowan1994JVPa	ROM 41993	820942	NA	56.07953	-122.689523	NA	NA	NA	NA	NA
56	Callawayia neoscapularis	species	221.44	217.52	Lacian	Pardonet Formation	Epigondolella triangularis Conodont Biozone	Chicken Creek, British Columbia, Canada	CA	Nicholls2001CJES	TMP 94.380.11	933497	NA	57.309258	-123.174812	NA	NA	NA	NA	locality from Fig. 1
57	Callawayia neoscapularis	species	224.31	221.44	Lacian	Pardonet Formation	Epigondolella quadrata Conodont Biozone	Chicken Creek, British Columbia, Canada	CA	Nicholls2001CJES	TMP 94.382.2	933503	NA	57.297343	-123.174812	NA	NA	NA	NA	locality from Fig. 1
58	Shastasaurus pacificus	species	232.82	231.25	Lower Tuvalian	Hosselkus Limestone Formation	Tropites subbulatus Ammonite Biozone	Shasta County, California, USA	US	Merriam1895AJS	NA	1419468	NA	40.820831	-122.190834	NA	NA	NA	NA	NA
59	Shastasaurus pacificus	species	232.82	231.25	Lower Tuvalian	Hosselkus Limestone Formation	Tropites subbulatus Ammonite Biozone	Shasta County, California, USA	US	Merriam1908MUC	UCMP 9076	NA	NA	40.820831	-122.190834	NA	NA	NA	NA	as Shastasaurus osmonti
60	Shastasaurus pacificus	species	232.82	231.25	Lower Tuvalian	Hosselkus Limestone Formation	Tropites subbulatus Ammonite Biozone	Shasta County, California, USA	US	Merriam1908MUC	UCMP 9608	NA	NA	40.820831	-122.190834	NA	NA	NA	NA	as Shastasaurus osmonti
61	Shastasaurus pacificus	species	232.82	231.25	Lower Tuvalian	Hosselkus Limestone Formation	Tropites subbulatus Ammonite Biozone	Shasta County, California, USA	US	Merriam1908MUC	UCMP 9081	1186494	NA	40.820831	-122.190834	NA	NA	NA	NA	as Shastasaurus osmonti
62	Shastasaurus pacificus	species	232.82	231.25	Lower Tuvalian	Hosselkus Limestone Formation	Tropites subbulatus Ammonite Biozone	Shasta County, California, USA	US	Merriam1908MUC	UCMP 9017	1186495	NA	40.405834	-122.551231	NA	NA	NA	NA	as Shastasaurus alexandrae; propsed neotype McGowan2003
63	Shastasaurus pacificus	species	232.82	231.25	Lower Tuvalian	Hosselkus Limestone Formation	Tropites subbulatus Ammonite Biozone	Shasta County, California, USA	US	Merriam1908MUC	UCMP 9083	1419470	NA	40.816376	-122.051582	NA	NA	NA	NA	as Shastasaurus altispinus
66	Shastasaurus pacificus	species	233.6	232.82	Lower Tuvalian	Antimonio Formation	Tropites dilleri Ammonite Biozone	El Antimonio District, Sonora, Mexico	MX	Callaway1989JP	UCMP 27141	909072	NA	30.75	-112.599998	NA	NA	NA	NA	as Shastasaurus careyi
66	Shastasaurus pacificus	species	233.6	232.82	Lower Tuvalian	Antimonio Formation	Tropites dilleri Ammonite Biozone	El Antimonio District, Sonora, Mexico	MX	Callaway1989JP	 UCMP 27142	909072	NA	30.75	-112.599998	NA	NA	NA	NA	as Shastasaurus careyi
66	Shastasaurus pacificus	species	233.6	232.82	Lower Tuvalian	Antimonio Formation	Tropites dilleri Ammonite Biozone	El Antimonio District, Sonora, Mexico	MX	Callaway1989JP	 UCMP 27146	909072	NA	30.75	-112.599998	NA	NA	NA	NA	as Shastasaurus careyi
68	Shastasaurus sikkaniensis	species	216.58	215.33	Alaunian	Pardonet Formation	Mockina postera Conodont Biozone	Chicken Creek, British Columbia, Canada	CA	Nicholls2004JVP	TMP 94.378.2	882304	NA	57.263611	-123.015282	NA	NA	NA	NA	NA
73	Shonisaurus popularis	species	233.6	217.52	Tuvalian–Lacian	NA	NA	NA	IT	DallaVecchia2002BSPI	NA	895626	NA	46.533333	12.133333	NA	NA	NA	NA	NA
74	Shonisaurus popularis	species	231.25	228.45	Upper Tuvalian	NA	Klamathites macrolobatus Ammonite Biozone	Berlin Ichthyosaur State Park, Nevada, USA	US	Camp1980PAPS	UNLV MNH FZVE-1	908629	NA	38.876667	-117.591393	NA	NA	NA	NA	NA
74	Shonisaurus popularis	species	231.25	228.45	Upper Tuvalian	NA	Klamathites macrolobatus Ammonite Biozone	Berlin Ichthyosaur State Park, Nevada, USA	US	Camp1980PAPS	 UNLV MNH FZVE-2	908629	NA	38.876667	-117.591393	NA	NA	NA	NA	NA
74	Shonisaurus popularis	species	231.25	228.45	Upper Tuvalian	NA	Klamathites macrolobatus Ammonite Biozone	Berlin Ichthyosaur State Park, Nevada, USA	US	Camp1980PAPS	 UNLV MNH FZVE-3	908629	NA	38.876667	-117.591393	NA	NA	NA	NA	NA
81	Cartorhynchus lenticarpus	species	247.14	247.06	Spathian	Nanlinghu Formation	Subcolumbites Ammonite Biozone	Majiashan Quarry, Anhui Province, China	CN	Motani2015N	AGM CH-628-16	1329759	NA	31.6206	117.819702	NA	NA	NA	120	bed 633
118	Chaohusaurus brevifemoralis	species	247.14	247.06	Spathian	Nanlinghu Formation	Subcolumbites Ammonite Biozone	Majiashan Quarry, Anhui Province, China	CN	Huang2019Pa	AGM AGB7401	1475021	NA	31.6206	117.819702	NA	NA	NA	125	bed 621
119	Chaohusaurus brevifemoralis	species	247.14	247.06	Spathian	Nanlinghu Formation	Subcolumbites Ammonite Biozone	Majiashan Quarry, Anhui Province, China	CN	Huang2019Pa	GMPKU P-3086	NA	NA	31.6206	117.819702	NA	NA	NA	120	bed 633
120	Sclerocormus parviceps	species	247.14	247.06	Spathian	Nanlinghu Formation	Subcolumbites Ammonite Biozone	Majiashan Quarry, Anhui Province, China	CN	Jiang2016SR	AGM AGB6265	1329760	NA	31.6206	117.819702	NA	NA	NA	118	bed 719
121	Chaohusaurus brevifemoralis	species	247.14	247.06	Spathian	Nanlinghu Formation	Subcolumbites Ammonite Biozone	Majiashan Quarry, Anhui Province, China	CN	Huang2019Pa	AGM AGB7403	NA	NA	31.6206	117.819702	NA	NA	NA	117	bed 628
122	Chaohusaurus geishanensis	species	247.14	247.06	Spathian	Nanlinghu Formation	Subcolumbites Ammonite Biozone	Guishan, Anhui Province, China	CN	Motani2015JVP	IVPP V4001	1134402	NA	31.616065	117.809467	NA	NA	NA	NA	locality from Guishan
123	Chaohusaurus geishanensis	species	247.14	247.06	Spathian	Nanlinghu Formation	Subcolumbites Ammonite Biozone	Majiashan Quarry, Anhui Province, China	CN	Motani2015JVP	AGM MT10010	1134403	NA	31.6206	117.819702	NA	NA	NA	NA	NA
123	Chaohusaurus geishanensis	species	247.14	247.06	Spathian	Nanlinghu Formation	Subcolumbites Ammonite Biozone	Majiashan Quarry, Anhui Province, China	CN	Motani2015JVP	 GMPKU-P-1118	1134403	NA	31.6206	117.819702	NA	NA	NA	NA	NA
124	Chaohusaurus chaoxianensis	species	247.14	247.06	Spathian	Nanlinghu Formation	Subcolumbites Ammonite Biozone	Majiashan Quarry, Anhui Province, China	CN	Motani2015JVP	GMPKU-P-3101	1134401	NA	31.6206	117.819702	NA	NA	NA	120	bed 633
125	Chaohusaurus chaoxianensis	species	247.14	247.06	Spathian	Nanlinghu Formation	Subcolumbites Ammonite Biozone	Majiashan Quarry, Anhui Province, China	CN	Zhou2017JVP	AGM 2905	388713	NA	31.6206	117.819702	NA	NA	NA	NA	NA
126	Chaohusaurus chaoxianensis	species	247.14	247.06	Spathian	Nanlinghu Formation	Subcolumbites Ammonite Biozone	Majiashan Quarry, Anhui Province, China	CN	Zhou2017JVP	GMPKU-P-3188	388714,1378800	NA	31.6206	117.819702	NA	NA	NA	126	bed 617
127	Chaohusaurus chaoxianensis	species	247.14	247.06	Spathian	Nanlinghu Formation	Subcolumbites Ammonite Biozone	Majiashan Quarry, Anhui Province, China	CN	Motani2017PRSBBS	NA	NA	NA	31.6206	117.819702	NA	NA	NA	NA	bed 594
128	Chaohusaurus chaoxianensis	species	247.14	247.06	Spathian	Nanlinghu Formation	Subcolumbites Ammonite Biozone	Majiashan Quarry, Anhui Province, China	CN	Motani2017PRSBBS	NA	NA	NA	31.6206	117.819702	NA	NA	NA	118	bed 816
129	Chaohusaurus zhangjiawanensis	species	247.79	246.9	Spathian	Nanlinghu Formation	Triassospathodus homeri–T. triangularis conodont biozones	Zhangjiawan Village, Hubei Province, China	CN	Chen2013AGS	WHGMR V26001	1412685	NA	31.379999	111.620003	NA	NA	NA	NA	NA
129	Chaohusaurus zhangjiawanensis	species	247.79	246.9	Spathian	Nanlinghu Formation	Triassospathodus homeri–T. triangularis conodont biozones	Zhangjiawan Village, Hubei Province, China	CN	Chen2013AGS	 WHGMR V26025	1412685	NA	31.379999	111.620003	NA	NA	NA	NA	NA
131	Cymbospondylus petrinus	species	243.43	239.1	Illyrian–Fassanian	Favret Formation	NA	American Canyon, Pershing County,  West Humbolt Range, Nevada, USA	US	Merriam1908MUC	UCMP 9913	467070	NA	40.133331	-118.300003	NA	NA	NA	NA	NA
131	Cymbospondylus petrinus	species	243.43	239.1	Illyrian–Fassanian	Favret Formation	NA	American Canyon, Pershing County,  West Humbolt Range, Nevada, USA	US	Merriam1908MUC	 UCMP 9950	467070	NA	40.133331	-118.300003	NA	NA	NA	NA	NA
132	Cymbospondylus duelferi	species	243.43	239.1	Illyrian–Fassanian	Favret Formation, Fossil Hill Member	Gymnotoceras rotelliformisâMeeki ammonoid biozones	Favret Canyon, Pershing County, Nevada, USA	US	Klein2020JSP	LACM DI 158109	1504406	NA	40.059166	-117.558891	NA	NA	NA	NA	Gymnotoceras rotelliformis–Meeki ammonoid biozones
133	Cymbospondylus petrinus	species	243.43	239.1	Illyrian–Fassanian	Favret Formation	NA	Favret Canyon, Pershing County, Nevada, USA	US	Merriam1905UCBDG	UCMP 9154	934002	NA	38.768055	-119.720833	NA	NA	NA	NA	NA
133	Cymbospondylus petrinus	species	243.43	239.1	Illyrian–Fassanian	Favret Formation	NA	Favret Canyon, Pershing County, Nevada, USA	US	Merriam1905UCBDG	 UCMP 9954	934002	NA	38.768055	-119.720833	NA	NA	NA	NA	NA
135	Cymbospondylus nichollsi	species	243.43	239.1	Illyrian–Fassanian	Favret Formation	NA	Augusta Mountain, Pershing County, Nevada, USA	US	Frobisch2006ZJLS	FMNH PR2251	1417529	NA	40.001389	-117.539444	NA	NA	NA	NA	NA
136	Cymbospondylus buchseri	species	242.03	241.5	Illyrian	Grenzbitumenzone	Nevadites secedensis Ammonite Biozone	Cava Tre Fontane, Monte San Giorgio, Canton Ticino, Switzerland	CH	Sander1989JVP	PIMUZ T4351	884857	NA	45.911945	8.940556	NA	NA	NA	NA	NA
151	Utatsusaurus hataii	species	247.14	247.06	Scythian	Osawa Formation	Subcolumbites Ammonite Biozone	Utatsu-cho, Miyagi Prefecture, Japan	JP	Shikama1978SRTUGa	ICPS 95941	800599	NA	38.713612	141.556946	NA	NA	NA	NA	NA
152	Utatsusaurus hataii	species	247.39	248.8	Scythian	Osawa Formation	Arnautoceltites Ammonite Biozone	Utatsu-cho, Miyagi Prefecture, Japan	JP	Shikama1978SRTUGa	NA	NA	NA	38.713612	141.556946	NA	NA	NA	NA	NA
153	Utatsusaurus hataii	species	247.14	247.06	Spathian	Osawa Formation	Subcolumbites Ammonoid Biozone	Ogatsu, Miyagi Prefecture, Japan	JP	Motani1998N	UHR 30691	821274	NA	38.516666	141.46666	NA	NA	NA	NA	NA
153	Utatsusaurus hataii	species	247.14	247.06	Spathian	Osawa Formation	Subcolumbites Ammonoid Biozone	Ogatsu, Miyagi Prefecture, Japan	JP	Motani1998N	 NSM-VP-20028	821274	NA	38.516666	141.46666	NA	NA	NA	NA	NA
158	Thaisaurus chonglakmanii	species	247.91	247.39	Early Triassic	Phukaotong Dolomite Member, Chaiburi Formation	Columbites parisianus Ammonoid Biozone	Khao Thong, Phattalung, Thailand	TH	Mazin1991CRASS2MPCSUST,Tongtherm2020PR	TF2454	1419474	NA	7.736667	100.066666	NA	NA	NA	NA	NA
159	Grippia longirostris	species	247.04	246.8	Spathian	Vendomdalen Member, Vikinghøgda Formation	Bajarunia euomphala Ammonoid Biozone	Milne Edwardsfjellet, Spitsbergen	SJ	Wiman1929BGIU,Hurum2018NJG	PMU R443	363117	NA	78.24944	17.8338	NA	NA	NA	NA	Location from Hurum et al. (2018) fig. 1
159	Grippia longirostris	species	247.04	246.8	Spathian	Vendomdalen Member, Vikinghøgda Formation	Bajarunia euomphala Ammonoid Biozone	Milne Edwardsfjellet, Spitsbergen	SJ	Wiman1929BGIU,Hurum2018NJG	 PMU R472	363117	NA	78.24944	17.8338	NA	NA	NA	NA	Location from Hurum et al. (2018) fig. 1
159	Grippia longirostris	species	247.04	246.8	Spathian	Vendomdalen Member, Vikinghøgda Formation	Bajarunia euomphala Ammonoid Biozone	Milne Edwardsfjellet, Spitsbergen	SJ	Wiman1929BGIU,Hurum2018NJG	 PMU R447	363117	NA	78.24944	17.8338	NA	NA	NA	NA	Location from Hurum et al. (2018) fig. 1
160	Grippia longirostris	species	247.04	246.8	Spathian	Vendomdalen Member, Vikinghøgda Formation	Bajarunia euomphala Ammonoid Biozone	Agardh Range, Spitsbergen	SJ	Wiman1933NARSSU	PMU R445	NA	NA	77.57297	18.09185	NA	NA	NA	NA	Location from Mazin (1981) fig. 1
160	Grippia longirostris	species	247.04	246.8	Spathian	Vendomdalen Member, Vikinghøgda Formation	Bajarunia euomphala Ammonoid Biozone	Agardh Range, Spitsbergen	SJ	Wiman1933NARSSU	 PMU R444	NA	NA	77.57297	18.09185	NA	NA	NA	NA	Location from Mazin (1981) fig. 1
160	Grippia longirostris	species	247.04	246.8	Spathian	Vendomdalen Member, Vikinghøgda Formation	Bajarunia euomphala Ammonoid Biozone	Agardh Range, Spitsbergen	SJ	Wiman1933NARSSU	 PMU R452	NA	NA	77.57297	18.09185	NA	NA	NA	NA	Location from Mazin (1981) fig. 1
160	Grippia longirostris	species	247.04	246.8	Spathian	Vendomdalen Member, Vikinghøgda Formation	Bajarunia euomphala Ammonoid Biozone	Agardh Range, Spitsbergen	SJ	Wiman1933NARSSU	 PMU R449	NA	NA	77.57297	18.09185	NA	NA	NA	NA	Location from Mazin (1981) fig. 1
160	Grippia longirostris	species	247.04	246.8	Spathian	Vendomdalen Member, Vikinghøgda Formation	Bajarunia euomphala Ammonoid Biozone	Agardh Range, Spitsbergen	SJ	Wiman1933NARSSU	 PMU R473	NA	NA	77.57297	18.09185	NA	NA	NA	NA	Location from Mazin (1981) fig. 1
160	Grippia longirostris	species	247.04	246.8	Spathian	Vendomdalen Member, Vikinghøgda Formation	Bajarunia euomphala Ammonoid Biozone	Agardh Range, Spitsbergen	SJ	Wiman1933NARSSU	 PMU R453	NA	NA	77.57297	18.09185	NA	NA	NA	NA	Location from Mazin (1981) fig. 1
160	Grippia longirostris	species	247.04	246.8	Spathian	Vendomdalen Member, Vikinghøgda Formation	Bajarunia euomphala Ammonoid Biozone	Agardh Range, Spitsbergen	SJ	Wiman1933NARSSU	 PMU 474	NA	NA	77.57297	18.09185	NA	NA	NA	NA	Location from Mazin (1981) fig. 1
160	Grippia longirostris	species	247.04	246.8	Spathian	Vendomdalen Member, Vikinghøgda Formation	Bajarunia euomphala Ammonoid Biozone	Agardh Range, Spitsbergen	SJ	Wiman1933NARSSU	 PMU446	NA	NA	77.57297	18.09185	NA	NA	NA	NA	Location from Mazin (1981) fig. 1
160	Grippia longirostris	species	247.04	246.8	Spathian	Vendomdalen Member, Vikinghøgda Formation	Bajarunia euomphala Ammonoid Biozone	Agardh Range, Spitsbergen	SJ	Wiman1933NARSSU	 PMU R450	NA	NA	77.57297	18.09185	NA	NA	NA	NA	Location from Mazin (1981) fig. 1
160	Grippia longirostris	species	247.04	246.8	Spathian	Vendomdalen Member, Vikinghøgda Formation	Bajarunia euomphala Ammonoid Biozone	Agardh Range, Spitsbergen	SJ	Wiman1933NARSSU	 PMU R448	NA	NA	77.57297	18.09185	NA	NA	NA	NA	Location from Mazin (1981) fig. 1
160	Grippia longirostris	species	247.04	246.8	Spathian	Vendomdalen Member, Vikinghøgda Formation	Bajarunia euomphala Ammonoid Biozone	Agardh Range, Spitsbergen	SJ	Wiman1933NARSSU	 PMU R454	NA	NA	77.57297	18.09185	NA	NA	NA	NA	Location from Mazin (1981) fig. 1
160	Grippia longirostris	species	247.04	246.8	Spathian	Vendomdalen Member, Vikinghøgda Formation	Bajarunia euomphala Ammonoid Biozone	Agardh Range, Spitsbergen	SJ	Wiman1933NARSSU	 PMU R456	NA	NA	77.57297	18.09185	NA	NA	NA	NA	Location from Mazin (1981) fig. 1
160	Grippia longirostris	species	247.04	246.8	Spathian	Vendomdalen Member, Vikinghøgda Formation	Bajarunia euomphala Ammonoid Biozone	Agardh Range, Spitsbergen	SJ	Wiman1933NARSSU	 PMU R451	NA	NA	77.57297	18.09185	NA	NA	NA	NA	Location from Mazin (1981) fig. 1
167	Pessopteryx nisseri	species	247.04	246.8	Spathian	Lower Saurian niveau, Vikinghøgda Formation	Keyserlingites subrobustus Ammonoid Biozone	Marmierfjellet, Svalbard	SJ	Engelschion2018NJG	PMO 229.778	1420184	NA	78.28112	16.62954	NA	NA	NA	NA	NA
167	Pessopteryx nisseri	species	247.04	246.8	Spathian	Lower Saurian niveau, Vikinghøgda Formation	Keyserlingites subrobustus Ammonoid Biozone	Marmierfjellet, Svalbard	SJ	Engelschion2018NJG	 PMO 229.779	1420184	NA	78.28112	16.62954	NA	NA	NA	NA	NA
167	Pessopteryx nisseri	species	247.04	246.8	Spathian	Lower Saurian niveau, Vikinghøgda Formation	Keyserlingites subrobustus Ammonoid Biozone	Marmierfjellet, Svalbard	SJ	Engelschion2018NJG	 PMO 229.780	1420184	NA	78.28112	16.62954	NA	NA	NA	NA	NA
167	Pessopteryx nisseri	species	247.04	246.8	Spathian	Lower Saurian niveau, Vikinghøgda Formation	Keyserlingites subrobustus Ammonoid Biozone	Marmierfjellet, Svalbard	SJ	Engelschion2018NJG	 PMO 229.782	1420184	NA	78.28112	16.62954	NA	NA	NA	NA	NA
167	Pessopteryx nisseri	species	247.04	246.8	Spathian	Lower Saurian niveau, Vikinghøgda Formation	Keyserlingites subrobustus Ammonoid Biozone	Marmierfjellet, Svalbard	SJ	Engelschion2018NJG	 PMO 229.781	1420184	NA	78.28112	16.62954	NA	NA	NA	NA	NA
171	Grippia longirostris	species	247.04	246.8	Spathian	Vendomdalen Member, Vikinghøgda Formation	Bajarunia euomphala Ammonoid Biozone	Milne Edwardsfjellet, Spitsbergen	SJ	Mazin1981BMNHNP	MNHN SVT 201	1420037	NA	78.24944	17.8338	NA	NA	NA	NA	Location from Maxin (1981) fig. 1
171	Grippia longirostris	species	247.04	246.8	Spathian	Vendomdalen Member, Vikinghøgda Formation	Bajarunia euomphala Ammonoid Biozone	Milne Edwardsfjellet, Spitsbergen	SJ	Mazin1981BMNHNP	 MNHN SVT 202	1420037	NA	78.24944	17.8338	NA	NA	NA	NA	Location from Maxin (1981) fig. 1
172	Quasianosteosaurus vikinghoegdai	species	247.04	246.8	Spathian	Vendomdalen Member, Vikinghøgda Formation	Bajarunia euomphala Ammonoid Biozone	Vikinghøgda, Spitsbergen	SJ	Maisch2003NJGPAa	MNHN SVT 331	1420109	NA	78.28171	16.80844	NA	NA	NA	NA	Location of Vikinghøgda
177	Phalarodon callawayi	species	243.43	239.1	Illyrian–Fassanian	Fossil Hill Member, Favret Formation	NA	Fossil Hill, Augusta Mountains, Nevada	US	Schmitz2004PAP	CMC VP 7275	1419160	NA	40.05605	-117.53272	NA	NA	NA	NA	NA
177	Phalarodon callawayi	species	243.43	239.1	Illyrian–Fassanian	Fossil Hill Member, Favret Formation	NA	Fossil Hill, Augusta Mountains, Nevada	US	Schmitz2004PAP	 FMNH PR 1804	1419160	NA	40.05605	-117.53272	NA	NA	NA	NA	NA
178	Phalarodon callawayi	species	243.43	239.1	Illyrian–Fassanian	Fossil Hill Member, Favret Formation	NA	Humbolt Range, Nevada	US	Schmitz2004PAP	UCMP 11229	NA	NA	40.548058	-118.099998	NA	NA	NA	NA	NA
179	Phalarodon callawayi	species	239.1	235.59	Upper Ladinian–Lower Carnian	Tschermakfjellet Formation	NA	Spitsbergen	SJ	Schmitz2004PAP	PMU R103	NA	NA	NA	NA	NA	NA	NA	NA	NA
179	Phalarodon callawayi	species	239.1	235.59	Upper Ladinian–Lower Carnian	Tschermakfjellet Formation	NA	Spitsbergen	SJ	Schmitz2004PAP	 PMU R184	NA	NA	NA	NA	NA	NA	NA	NA	NA
179	Phalarodon callawayi	species	239.1	235.59	Upper Ladinian–Lower Carnian	Tschermakfjellet Formation	NA	Spitsbergen	SJ	Schmitz2004PAP	 PMU R187	NA	NA	NA	NA	NA	NA	NA	NA	NA
179	Phalarodon callawayi	species	239.1	235.59	Upper Ladinian–Lower Carnian	Tschermakfjellet Formation	NA	Spitsbergen	SJ	Schmitz2004PAP	 PMU R188	NA	NA	NA	NA	NA	NA	NA	NA	NA
179	Phalarodon callawayi	species	239.1	235.59	Upper Ladinian–Lower Carnian	Tschermakfjellet Formation	NA	Spitsbergen	SJ	Schmitz2004PAP	 PMU R189	NA	NA	NA	NA	NA	NA	NA	NA	NA
179	Phalarodon callawayi	species	239.1	235.59	Upper Ladinian–Lower Carnian	Tschermakfjellet Formation	NA	Spitsbergen	SJ	Schmitz2004PAP	 PMU R191	NA	NA	NA	NA	NA	NA	NA	NA	NA
179	Phalarodon callawayi	species	239.1	235.59	Upper Ladinian–Lower Carnian	Tschermakfjellet Formation	NA	Spitsbergen	SJ	Schmitz2004PAP	 PMU R192	NA	NA	NA	NA	NA	NA	NA	NA	NA
179	Phalarodon callawayi	species	239.1	235.59	Upper Ladinian–Lower Carnian	Tschermakfjellet Formation	NA	Spitsbergen	SJ	Schmitz2004PAP	 PMU R475	NA	NA	NA	NA	NA	NA	NA	NA	NA
179	Phalarodon callawayi	species	239.1	235.59	Upper Ladinian–Lower Carnian	Tschermakfjellet Formation	NA	Spitsbergen	SJ	Schmitz2004PAP	 PMU R492	NA	NA	NA	NA	NA	NA	NA	NA	NA
179	Phalarodon callawayi	species	239.1	235.59	Upper Ladinian–Lower Carnian	Tschermakfjellet Formation	NA	Spitsbergen	SJ	Schmitz2004PAP	 NRM R34	NA	NA	NA	NA	NA	NA	NA	NA	NA
183	Phalarodon callawayi	species	247.39	239.1	Spathian–early Ladinian	Sulphur Mountain Formation	NA	Locality D, Wapiti Lake, British Columnbia	CA	Nicholls1999PAP,Schmitz2004PAP	TMP 89.127.15	NA	NA	54.51669	-120.72386	NA	NA	NA	NA	NA
184	Phalarodon cf. fraasi	species	247.39	239.1	Spathian–early Ladinian	Sulphur Mountain Formation	NA	Locality D, Wapiti Lake, British Columnbia	CA	Schmitz2005JVP	TMP 89.127.14	1419116	NA	54.51669	-120.72386	NA	NA	NA	NA	NA
185	Phalarodon callawayi	species	247.39	239.1	Middle Triassic	Sulphur Mountain Formation	NA	Locality T, Wapiti Lake, British Columnbia	CA	Nicholls1999PAP,Schmitz2004PAP	TMP 88.99.18	NA	NA	54.50839	-120.70418	NA	NA	NA	NA	NA
185	Phalarodon callawayi	species	247.39	239.1	Middle Triassic	Sulphur Mountain Formation	NA	Locality T, Wapiti Lake, British Columnbia	CA	Nicholls1999PAP,Schmitz2004PAP	 TMP 89.126.4	NA	NA	54.50839	-120.70418	NA	NA	NA	NA	NA
185	Phalarodon callawayi	species	247.39	239.1	Middle Triassic	Sulphur Mountain Formation	NA	Locality T, Wapiti Lake, British Columnbia	CA	Nicholls1999PAP,Schmitz2004PAP	 TMP 89.126.5	NA	NA	54.50839	-120.70418	NA	NA	NA	NA	NA
185	Phalarodon callawayi	species	247.39	239.1	Middle Triassic	Sulphur Mountain Formation	NA	Locality T, Wapiti Lake, British Columnbia	CA	Nicholls1999PAP,Schmitz2004PAP	 TMP 89.126.12	NA	NA	54.50839	-120.70418	NA	NA	NA	NA	NA
186	Phalarodon callawayi	species	247.39	239.1	Middle Triassic	Sulphur Mountain Formation	NA	Locality B, Wapiti Lake, British Columnbia	CA	Nicholls1999PAP,Schmitz2004PAP	TMP 91.120.7	NA	NA	54.53088	-120.73941	NA	NA	NA	NA	NA
187	Phalarodon callawayi	species	248.2	246.8	Spathian	Vega-Phroso Siltstone Member, Sulphur Mountain Formation	NA	Locality E, Wapiti Lake, British Columnbia	CA	Nicholls1999PAP,Schmitz2004PAP	TMP 91.121.2	NA	NA	54.50321	-120.67516	NA	NA	NA	NA	NA
189	Phalarodon fraasi	species	243.43	239.1	Illyrian–Fassanian	Fossil Hill Member, Favret Formation	NA	Humbolt Range, Nevada	US	Merriam1910UCBDG	UCMP 9853	467073	NA	40.28931	-118.081	NA	NA	NA	NA	NA
189	Phalarodon fraasi	species	243.43	239.1	Illyrian–Fassanian	Fossil Hill Member, Favret Formation	NA	Humbolt Range, Nevada	US	Merriam1910UCBDG	 UCMP 9924	467073	NA	40.28931	-118.081	NA	NA	NA	NA	NA
190	Phalarodon fraasi	species	239.1	237	Longobardian	Blanknuten Member, Botneheia Formation	Indigirites tozeri Ammonoid Biozone	Botneheia, Spitsbergen	SJ	Okland2018NJG	PMO 210.122	NA	NA	78.31175	16.4071	NA	NA	NA	NA	NA
190	Phalarodon fraasi	species	239.1	237	Longobardian	Blanknuten Member, Botneheia Formation	Indigirites tozeri Ammonoid Biozone	Botneheia, Spitsbergen	SJ	Okland2018NJG	 PMU 24555	NA	NA	78.31175	16.4071	NA	NA	NA	NA	NA
190	Phalarodon fraasi	species	239.1	237	Longobardian	Blanknuten Member, Botneheia Formation	Indigirites tozeri Ammonoid Biozone	Botneheia, Spitsbergen	SJ	Okland2018NJG	 PMU 24561	NA	NA	78.31175	16.4071	NA	NA	NA	NA	NA
190	Phalarodon fraasi	species	239.1	237	Longobardian	Blanknuten Member, Botneheia Formation	Indigirites tozeri Ammonoid Biozone	Botneheia, Spitsbergen	SJ	Okland2018NJG	 PMU 24579	NA	NA	78.31175	16.4071	NA	NA	NA	NA	NA
190	Phalarodon fraasi	species	239.1	237	Longobardian	Blanknuten Member, Botneheia Formation	Indigirites tozeri Ammonoid Biozone	Botneheia, Spitsbergen	SJ	Okland2018NJG	 PMU R102	NA	NA	78.31175	16.4071	NA	NA	NA	NA	NA
190	Phalarodon fraasi	species	239.1	237	Longobardian	Blanknuten Member, Botneheia Formation	Indigirites tozeri Ammonoid Biozone	Botneheia, Spitsbergen	SJ	Okland2018NJG	 PMU R516	NA	NA	78.31175	16.4071	NA	NA	NA	NA	NA
190	Phalarodon fraasi	species	239.1	237	Longobardian	Blanknuten Member, Botneheia Formation	Indigirites tozeri Ammonoid Biozone	Botneheia, Spitsbergen	SJ	Okland2018NJG	 PMU R518	NA	NA	78.31175	16.4071	NA	NA	NA	NA	NA
190	Phalarodon fraasi	species	239.1	237	Longobardian	Blanknuten Member, Botneheia Formation	Indigirites tozeri Ammonoid Biozone	Botneheia, Spitsbergen	SJ	Okland2018NJG	 MNHN SVT 328	NA	NA	78.31175	16.4071	NA	NA	NA	NA	NA
192	Phalarodon fraasi	species	244.34	243.43	Pelsonian	Upper Member, Guanling Formation	Nicoraella germanicus Conodont Biozone	Yangjuan Village, Xinmin District, Panxian County, Guizhou Province	CN	Jiang2007JP	GMPKU-P-1032	915088	NA	25.466667	104.833336	NA	NA	NA	NA	NA
193	Phalarodon cf. fraasi	species	246.8	237	Middle Triassic	Llama member, Sulphur Mountain Formation	NA	Locality B, Wapiti Lake, British Columbia	CA	Callaway1989CJES	TMP 86.153.11	1529521	NA	54.53088	-120.73941	NA	NA	NA	NA	NA
193	Phalarodon cf. fraasi	species	246.8	237	Middle Triassic	Llama member, Sulphur Mountain Formation	NA	Locality B, Wapiti Lake, British Columbia	CA	Callaway1989CJES	 TMP 86.153.12	1529521	NA	54.53088	-120.73941	NA	NA	NA	NA	NA
198	Phalarodon major	species	244.34	243.43	Pelsonian	Lower Muschelkalk	NA	Aach, Freudenstadt, Baden-Württemberg	DE	Maisch2001NJGPAa	SMNS 7631	1419121	NA	48.46662	8.47831	NA	NA	NA	NA	Location in Aach
199	Phalarodon major	species	244.34	243.43	Pelsonian	middle Wellenkalk Formation, Lower Muschelkalk	NA	Schwaderlock, Kanton Aarrgau	CH	Maisch2005NJGPM	NMB S Tr 12	NA	NA	47.58584	8.1463	NA	NA	NA	NA	Location of Schwaderloch
204	Auroroborealia incognita	species	226.54	222.5	lower Norian	NA	Pinacoceras verchojanicum Ammonoid Biozone	Kotelny Island, New Siberian Islands, Russia	RU	Zverkov2021EESTRSE	ZIN PH 5/250	NA	NA	75.515	138.927	NA	NA	NA	NA	coordinates taken around confluence of Balyktakh and Tikhaya rivers
204	Auroroborealia incognita	species	226.54	222.5	lower Norian	NA	Pinacoceras verchojanicum Ammonoid Biozone	Kotelny Island, New Siberian Islands, Russia	RU	Zverkov2021EESTRSE	 ZIN PH 6/250	NA	NA	75.515	138.927	NA	NA	NA	NA	coordinates taken around confluence of Balyktakh and Tikhaya rivers
204	Auroroborealia incognita	species	226.54	222.5	lower Norian	NA	Pinacoceras verchojanicum Ammonoid Biozone	Kotelny Island, New Siberian Islands, Russia	RU	Zverkov2021EESTRSE	 ZIN PH 8/250	NA	NA	75.515	138.927	NA	NA	NA	NA	coordinates taken around confluence of Balyktakh and Tikhaya rivers
204	Auroroborealia incognita	species	226.54	222.5	lower Norian	NA	Pinacoceras verchojanicum Ammonoid Biozone	Kotelny Island, New Siberian Islands, Russia	RU	Zverkov2021EESTRSE	 ZIN PH 20/250	NA	NA	75.515	138.927	NA	NA	NA	NA	coordinates taken around confluence of Balyktakh and Tikhaya rivers
204	Auroroborealia incognita	species	226.54	222.5	lower Norian	NA	Pinacoceras verchojanicum Ammonoid Biozone	Kotelny Island, New Siberian Islands, Russia	RU	Zverkov2021EESTRSE	 ZIN PH 23/250	NA	NA	75.515	138.927	NA	NA	NA	NA	coordinates taken around confluence of Balyktakh and Tikhaya rivers
205	Auroroborealia incognita	species	226.54	222.5	lower Norian	NA	Pinacoceras verchojanicum Ammonoid Biozone	Kotelny Island, New Siberian Islands, Russia	RU	Zverkov2021EESTRSE	ZIN PH 3/250	NA	NA	75.515	138.927	NA	NA	NA	NA	coordinates taken around confluence of Balyktakh and Tikhaya rivers
218	Cymbospondylus youngorum	species	245.09	243.43	middle Anisian	Fossil Hill Member, Favret Formation	Nevadisculites taylori Ammonoid Biozone	Favret Canyon, Augusta Mountains, Pershing County, Nevada, USA	US	Sander2021S	LACM DI 157871	NA	NA	NA	NA	NA	NA	NA	NA	NA
219	Thalattoarchon saurophagis	species	245.09	243.43	middle Anisian	Fossil Hill Member, Favret Formation	Nevadisculites taylori Ammonoid Biozone	Favret Canyon, Augusta Mountains, Pershing County, Nevada, USA	US	Frobisch2013PNAS	FMHN PR 3032	1095497	NA	NA	NA	NA	NA	NA	NA	NA
260	Tholodus cf. schmidi	species	245.09	243.43	middle Anisian	Karazin Formation	Acrochordiceras kiparisovae Ammonoid Biozone	Paris Bay–Ussuri Bay, Russky isalnd, South Primorye, Russia	RU	Zakharov2015RJPG,Arkhangelsky2016PJ	SGTU MEZ 4/3	1412635	NA	43.002306	131.919944	NA	NA	NA	NA	NA
286	Besanosaurus leptorhynchus	species	242.03	241.5	Illyrian	Besano Formation	Nevadites secedensis Ammonite Biozone	Sasso Caldo, Besano, Lombardy, Italy	IT	Bindellini2021P	BES SC 1016	NA	NA	45.150002	9.233333	NA	NA	NA	NA	layer 70/96 Bindellini et at 2021 Tbl 1
287	Besanosaurus leptorhynchus	species	242.03	241.5	Illyrian	Besano Formation	Nevadites secedensis Ammonite Biozone	Valle Stelle, Canton Ticino, Switzerland	CH	Bindellini2021P	PIMUZ T 4376	NA	NA	45.912350000000004	8.93917	NA	NA	NA	NA	layer 82/71 Bindellini et at 2021 Tbl 1
288	Besanosaurus leptorhynchus	species	242.03	241.5	Illyrian	Besano Formation	Nevadites secedensis Ammonite Biozone	Cava Tre Fontaine, Canton Ticino, Switzerland	CH	Bindellini2021P	PIMUZ T 4847	NA	NA	45.9109	8.93695	NA	NA	NA	NA	layer 60/116 Bindellini et at 2021 Tbl 1
288	Besanosaurus leptorhynchus	species	242.03	241.5	Illyrian	Besano Formation	Nevadites secedensis Ammonite Biozone	Cava Tre Fontaine, Canton Ticino, Switzerland	CH	Bindellini2021P	 PIMUZ T 1895	NA	NA	45.9109	8.93695	NA	NA	NA	NA	layer 60/116 Bindellini et at 2021 Tbl 1
289	Besanosaurus leptorhynchus	species	242.03	241.5	Illyrian	Besano Formation	Nevadites secedensis Ammonite Biozone	unknown Swiss locality	CH	Bindellini2021P	GPIT 1793/1	1310774	NA	45.91	8.95	NA	NA	NA	NA	unknown locality, prob. Monte San Giorgio, originally *Mikadocephalus gracilirostris*
322	Eretmorhipis carrolldongi	species	247.39	246.8	Spathian	Third Member, Jialingjiang Formation	NA	Hekou, Yuan'an County, Hubei Province, China	CN	Cheng2019SR	YAGM V 1401	NA	NA	31.26747	111.64682	NA	NA	NA	NA	NA
323	Eretmorhipis carrolldongi	species	247.39	246.8	Spathian	Third Member, Jialingjiang Formation	NA	Yuan'an County, Hubei Province, China	CN	Cheng2019SR	YAGM V 1601	NA	NA	31.30125	111.61257	NA	NA	NA	NA	NA
324	Mixosaurus cornalianus	species	242.03	241.5	uppermost Anisian	Middle Besano Formation	Nevadites secedensis Ammonite Biozone	Sasso Caldo, Besano, Varese Province, Lombardy, Italy	IT	Renesto2020APP	BES SC 1000	NA	NA	45.150002	9.233333	NA	NA	NA	NA	NA
324	Mixosaurus cornalianus	species	242.03	241.5	uppermost Anisian	Middle Besano Formation	Nevadites secedensis Ammonite Biozone	Sasso Caldo, Besano, Varese Province, Lombardy, Italy	IT	Renesto2020APP	 BES SC 1001	NA	NA	45.150002	9.233333	NA	NA	NA	NA	NA
329	Eretmorhipis carrolldongi	species	247.39	246.8	Spathian	Third Member, Jialingjiang Formation	NA	Hekou, Yuan'an County, Hubei Province, China	CN	Cheng2019SR	YAGM V 1401	NA	NA	31.26747	111.64682	NA	NA	NA	NA	NA
398	Guizhouichthyosaurus tangae	species	244.34	244.14	Pelsonian	Falang Member, Wayao Formation	Nicoraella kockeli Conodont Biozone	Guanling County, Guizhou Province, China	CN	Li2002VPb	IVPP V 11865	NA	NA	25.518888	104.905556	NA	NA	NA	NA	Originally *Cymbospondylus asiaticus*
398	Guizhouichthyosaurus tangae	species	244.34	244.14	Pelsonian	Falang Member, Wayao Formation	Nicoraella kockeli Conodont Biozone	Guanling County, Guizhou Province, China	CN	Li2002VPb	 IVPP V 11869	NA	NA	25.518888	104.905556	NA	NA	NA	NA	Originally *Cymbospondylus asiaticus*
403	Wahlisaurus massarae	species	201.36	201.16	uppermost Rhaetian–lowermost Hettangian	Pre-planorbis beds, Blue Lias Formation, Lias Group	Psiloceras tilmanni Ammonite Biozone	Sutton Hill Quarry, Bishop Sutton, Somerset, England, UK	GB	Lomax2018GJ	BRSMG Cg2405	NA	NA	51.32651	-2.57797	NA	NA	NA	NA	NA
416	Tholodus schmidi	species	246.8	237	Middle Triassic	Terebratulitenkalk	NA	Jena, Germany	DE	Meyer1849P	NA	1394195	NA	50.92817	11.58794	NA	NA	NA	NA	NA
443	Eohupehsuchus brevicollis	species	247.39	246.8	upper Spathian	Jialingjiang Formation, Member II	Neocolumbites insignis Ammonite Biozone	Yangping, Yuan'an County, Hubei Province, China	CN	Chen2014POa	WGSC V26003	1409443	NA	31.22307	111.5542	NA	NA	NA	NA	NA
444	Parahupehsuchus longus	species	247.39	246.8	upper Spathian	Jialingjiang Formation, Member II	Neocolumbites insignis Ammonite Biozone	Yangping, Yuan'an County, Hubei Province, China	CN	Chen2014PO	WGSC 26005	1200768	NA	31.22307	111.5542	NA	NA	NA	NA	NA
445	Nanchangosaurus suni	species	247.39	246.8	upper Spathian	Jialingjiang Formation, Member II	Neocolumbites insignis Ammonite Biozone	Yangping, Yuan'an County, Hubei Province, China	CN	Chen2014POb	WGSC 26606	1301648	NA	31.22307	111.5542	NA	NA	NA	NA	NA
446	Nanchangosaurus suni	species	247.39	246.8	upper Spathian	Jialingjiang Formation, Member II	Neocolumbites insignis Ammonite Biozone	Xunjian, Yuan'an County, Hubei Province, China	CN	Chen2014POb	GMC V646	1418845	NA	31.38191	111.60576	NA	NA	NA	NA	NA
447	Hupehsuchus nanchangensis	species	247.39	246.8	upper Spathian	Jialingjiang Formation, Member II	Neocolumbites insignis Ammonite Biozone	Xunjian, Yuan'an County, Hubei Province, China	CN	Carroll1991PTRSBBS	IVPP V3232	966703	NA	31.38191	111.60576	NA	NA	NA	NA	NA
447	Hupehsuchus nanchangensis	species	247.39	246.8	upper Spathian	Jialingjiang Formation, Member II	Neocolumbites insignis Ammonite Biozone	Xunjian, Yuan'an County, Hubei Province, China	CN	Carroll1991PTRSBBS	 IVPP V4068	966703	NA	31.38191	111.60576	NA	NA	NA	NA	NA
447	Hupehsuchus nanchangensis	species	247.39	246.8	upper Spathian	Jialingjiang Formation, Member II	Neocolumbites insignis Ammonite Biozone	Xunjian, Yuan'an County, Hubei Province, China	CN	Carroll1991PTRSBBS	 IVPP V4069a	966703	NA	31.38191	111.60576	NA	NA	NA	NA	NA
447	Hupehsuchus nanchangensis	species	247.39	246.8	upper Spathian	Jialingjiang Formation, Member II	Neocolumbites insignis Ammonite Biozone	Xunjian, Yuan'an County, Hubei Province, China	CN	Carroll1991PTRSBBS	 IVPP V4069b	966703	NA	31.38191	111.60576	NA	NA	NA	NA	NA
448	Hupehsuchus nanchangensis	species	247.39	246.8	upper Spathian	Jialingjiang Formation, Member II	Neocolumbites insignis Ammonite Biozone	Xunjian, Yuan'an County, Hubei Province, China	CN	Chen2014PO	WGSC 26004	NA	NA	31.38191	111.60576	NA	NA	NA	NA	NA
449	Hupehsuchus nanchangensis	species	247.39	246.8	upper Spathian	Jialingjiang Formation, Member II	Neocolumbites insignis Ammonite Biozone	Mingfeng Twon, Yuan;an County, Hubei Province, China	CN	Wu2016HB	ZMNH M8217	1412684	NA	31.07087	111.6697	NA	NA	NA	NA	NA
451	Eretmorhipis carrolldongi	species	247.39	246.8	upper Spathian	Jialingjiang Formation, Member II	Neocolumbites insignis Ammonite Biozone	Yingzishan Quarry, Yuan'an County, HupehProvince, China	CN	Chen2015PO	WGSC V26020	1412687	NA	31.088516	111.67431	NA	NA	NA	NA	NA
452	Eretmorhipis carrolldongi	species	247.39	246.8	upper Spathian	Jialingjiang Formation, Member II	Neocolumbites insignis Ammonite Biozone	Tuling, Baihechuan, Xunjiang District, Yuan'an County, HupehProvince, China	CN	Chen2015PO	IVPP V4070	NA	NA	31.38365	111.57684	NA	NA	NA	NA	NA
453	Contectopalatus atavus	species	244.34	243.43	Pelsonian	Freudenstadt Formation?	Beneckeia buch Assemblage Zone	Calw-Althengstett, Baden-Württemberg, Germany	DE	Maisch2001P	GPIT/RE/411	915702	NA	48.71073	8.78623	NA	NA	NA	NA	NA
453	Contectopalatus atavus	species	244.34	243.43	Pelsonian	Freudenstadt Formation?	Beneckeia buch Assemblage Zone	Calw-Althengstett, Baden-Württemberg, Germany	DE	Maisch2001P	 GPIT/RE/107	915702	NA	48.71073	8.78623	NA	NA	NA	NA	NA
453	Contectopalatus atavus	species	244.34	243.43	Pelsonian	Freudenstadt Formation?	Beneckeia buch Assemblage Zone	Calw-Althengstett, Baden-Württemberg, Germany	DE	Maisch2001P	 GPIT/RE/408	915702	NA	48.71073	8.78623	NA	NA	NA	NA	NA
453	Contectopalatus atavus	species	244.34	243.43	Pelsonian	Freudenstadt Formation?	Beneckeia buch Assemblage Zone	Calw-Althengstett, Baden-Württemberg, Germany	DE	Maisch2001P	 GPIT/RE/409	915702	NA	48.71073	8.78623	NA	NA	NA	NA	NA
453	Contectopalatus atavus	species	244.34	243.43	Pelsonian	Freudenstadt Formation?	Beneckeia buch Assemblage Zone	Calw-Althengstett, Baden-Württemberg, Germany	DE	Maisch2001P	 GPIT/RE/410	915702	NA	48.71073	8.78623	NA	NA	NA	NA	NA
454	Contectopalatus atavus	species	242.38	241.5	upper Illyrian	Upper Muschelkalk	NA	Rüdersdorf, Brandenburg, Germany	DE	Maisch2001P	BMPI R 2353	NA	NA	52.47129	13.78453	NA	NA	NA	NA	NA
455	Contectopalatus atavus	species	244.34	243.43	Pelsonian	Lower Muschelkalk	NA	Ferenc Quarry, Buchen-Bödigheim, northen Bademia, Baden-Württemberg, Germany	DE	Maisch2001P	MHI 1658	NA	NA	49.47833	9.31524	NA	NA	NA	NA	NA
456	Contectopalatus atavus	species	244.34	243.43	Pelsonian	Lower Muschelkalk	NA	Rohrdorf, Bavaria, Germany	DE	Maisch2001P	GPIT/RE/79	NA	NA	47.79717	12.16711	NA	NA	NA	NA	NA
457	Contectopalatus atavus	species	244.34	243.43	Pelsonian	Wurstelbänke Member, Freudenstadt Formation	NA	Haas Quarry, Dietersweiler, near Freudenstadt, Baden-Württemberg, Germany	DE	Maisch2001P	SMNS 56315	NA	NA	48.44614	8.48067	NA	NA	NA	NA	NA
458	Contectopalatus atavus	species	244.34	244.14	Pelsonian	Guanling Formation, Member II	Nicoraella kockeli Conodont Biozone	Luoping area, Luoping County, Yunnan Province, China	CN	Liu2013P	LPV 30872	1102551	NA	24.88876	104.30535	NA	NA	NA	NA	NA
459	Guizhouichthyosaurus tangae	species	235.59	233.6	Julian	Xiaowa Formation, Guanling Biota	Metapolygnathus polygnathiformis Conodont Biozone	Baiyan, Wuxiang, Guanling, Guizhou Province, China	CN	Yin2000GG,Maisch2006JVPa	Gmr 009	788442	NA	25.94369	105.61916	NA	NA	NA	NA	NA
460	Guizhouichthyosaurus tangae	species	235.59	233.6	Julian	Xiaowa Formation, Guanling Biota	Metapolygnathus polygnathiformis Conodont Biozone	Wolonggang, Guanling, Guizhou Province, China	CN	Maisch2006JVPa	GNG dq-22	880873	NA	25.89073	105.41107	NA	NA	NA	NA	NA
460	Guizhouichthyosaurus tangae	species	235.59	233.6	Julian	Xiaowa Formation, Guanling Biota	Metapolygnathus polygnathiformis Conodont Biozone	Wolonggang, Guanling, Guizhou Province, China	CN	Maisch2006JVPa	 GNG dq-46	880873	NA	25.89073	105.41107	NA	NA	NA	NA	NA
460	Guizhouichthyosaurus tangae	species	235.59	233.6	Julian	Xiaowa Formation, Guanling Biota	Metapolygnathus polygnathiformis Conodont Biozone	Wolonggang, Guanling, Guizhou Province, China	CN	Maisch2006JVPa	 GNG dq-41	880873	NA	25.89073	105.41107	NA	NA	NA	NA	NA
461	Guizhouichthyosaurus tangae	species	235.59	233.6	Julian	Xiaowa Formation, Guanling Biota	Metapolygnathus polygnathiformis Conodont Biozone	Xinpu, Guanling County, Guizhou Province, China	CN	Shang2012SST	IGGCAS 2005F001	NA	NA	25.86942	105.41966	NA	NA	NA	NA	NA
462	Guizhouichthyosaurus tangae	species	235.59	233.6	Julian	Xiaowa Formation, Guanling Biota	Metapolygnathus polygnathiformis Conodont Biozone	Monkpo, Xinpu, Wuxiang, Guanling, Guizhou Province, China	CN	Yin2000GG	Gmr 015	NA	NA	25.86942	105.41966	NA	NA	NA	NA	Originally *Typicusichthyosaurus tsaihuae*
463	Guizhouichthyosaurus tangae	species	235.59	233.6	Julian	Xiaowa Formation, Guanling Biota	Metapolygnathus polygnathiformis Conodont Biozone	Xiaowa Village, Xinpu, Wuxiang, Guanling, Guizhou Province, China	CN	Chen2003GBC	TR00001	NA	NA	25.89139	105.42845	NA	NA	NA	NA	Originally *Panjiangsaurus epicharis*
463	Guizhouichthyosaurus tangae	species	235.59	233.6	Julian	Xiaowa Formation, Guanling Biota	Metapolygnathus polygnathiformis Conodont Biozone	Xiaowa Village, Xinpu, Wuxiang, Guanling, Guizhou Province, China	CN	Chen2003GBC	 SPCV 30014	NA	NA	25.89139	105.42845	NA	NA	NA	NA	Originally *Panjiangsaurus epicharis*
464	Guizhouichthyosaurus tangae	species	235.59	233.6	Julian	Xiaowa Formation, Guanling Biota	Metapolygnathus polygnathiformis Conodont Biozone	Xiaowa Village, Xinpu, Wuxiang, Guanling, Guizhou Province, China	CN	Pan2006ASNUP	GMPKU P1062	NA	NA	25.89139	105.42845	NA	NA	NA	NA	Originally *Panjiangsaurus epicharis*
465	Guizhouichthyosaurus wolonggangense	species	235.59	233.6	Julian	Xiaowa Formation, Guanling Biota	Metapolygnathus polygnathiformis Conodont Biozone	Wolonggang, Guanling, Guizhou Province, China	CN	Chen2007GC	SPCV 10306	1135822	NA	25.89073	105.41107	NA	NA	NA	NA	Originally *Callawayia wolonggangense*
465	Guizhouichthyosaurus wolonggangense	species	235.59	233.6	Julian	Xiaowa Formation, Guanling Biota	Metapolygnathus polygnathiformis Conodont Biozone	Wolonggang, Guanling, Guizhou Province, China	CN	Chen2007GC	 SPCV 10305	1135822	NA	25.89073	105.41107	NA	NA	NA	NA	Originally *Callawayia wolonggangense*
466	Guizhouichthyosaurus tangae	species	235.59	233.6	Julian	Xiaowa Formation, Guanling Biota	Metapolygnathus polygnathiformis Conodont Biozone	Xinpu, Guanling County, Guizhou Province, China	CN	Shang2009VP	IVPP V 11853	893430	NA	25.86942	105.41966	NA	NA	NA	NA	Originally *Shastasaurus epicharis*
467	Guizhouichthyosaurus tangae	species	235.59	233.6	Julian	Xiaowa Formation, Guanling Biota	Metapolygnathus polygnathiformis Conodont Biozone	Xinpu, Guanling County, Guizhou Province, China	CN	Shang2013VP	IVPP V 15652	NA	NA	25.86942	105.41966	NA	NA	NA	NA	Originally *Shastasaurus epicharis*
467	Guizhouichthyosaurus tangae	species	235.59	233.6	Julian	Xiaowa Formation, Guanling Biota	Metapolygnathus polygnathiformis Conodont Biozone	Xinpu, Guanling County, Guizhou Province, China	CN	Shang2013VP	 SDM 20090101	NA	NA	25.86942	105.41966	NA	NA	NA	NA	Originally *Shastasaurus epicharis*
468	Gulosaurus helmi	species	248.2	246.8	Spathian	Vega-Phroso Siltstone Member, Sulphur Mountain Formation	NA	D locality, British Columbia, Canada	CA	Cuthbertson2013JVP	TMP 89.127.3	920238,920239	NA	54.51944	-120.72194	NA	NA	NA	NA	NA
469	Himalayasaurus tibetensis	species	228.45	209.56	Norian	NA	NA	Tulong Area, Nyalam County, Tibet, China	CN	Young1972MNIGP,Motani1999P	IVPP V4003	1157811	NA	28.45135	86.1666	NA	NA	NA	NA	NA
470	Hudsonelpidia brevirostris	species	224.31	221.44	early Norian	NA	Epigondolella quadrata Condonto Biozone	North Shore, Peace Reach Branch, Williston Lake, British Columbia, Canada; GSC locality C-301269	CA	McGowan1995CJES	ROM 44629	1306282	NA	56.11197	-122.88551	NA	NA	NA	NA	NA
470	Hudsonelpidia brevirostris	species	224.31	221.44	early Norian	NA	Epigondolella quadrata Condonto Biozone	North Shore, Peace Reach Branch, Williston Lake, British Columbia, Canada; GSC locality C-301269	CA	McGowan1995CJES	 ROM 41993	1306282	NA	56.11197	-122.88551	NA	NA	NA	NA	NA
471	Isfjordosaurus minor	species	247.04	246.8	Spathian	Lower Saurian Niveau, Vendomdalen Member, Vikinghøgda Formation	Keyserlingites subrobustus Ammonoid Biozone	Middelhook, Isfjord, Spitsbergen, Svalbard	SJ	Wiman1910BGIUa	NA	1420150	NA	79.56667	13.48333	NA	NA	NA	NA	Originally *Pessopteryx minor*; affinities questionable
472	Macgowania janiceps	species	217.52	214.07	middle Norian	NA	Epigondolella matthewi, Epigondolella multidentata conodont biozones	Jewitt Spur, west of McLay Spur, Peace Reach Branch, Williston Lake, British Columbia, Canada	CA	McGowan1996CJES	ROM 41992	1134412	NA	56.15884	-122.55936	NA	NA	NA	NA	Originally *Ichthyosaurus janiceps*
473	Mixosaurus cornalianus	species	242.03	241.5	Illyrian	Besano Formation	Nevadites secedensis Ammonite Biozone	Monte San Giorgio, Conton Ticino, Switzerland	CH	PardoPerez2020SR	GPIT/RE/166	1162165,1310837	NA	45.91405	8.94983	NA	NA	NA	NA	NA
473	Mixosaurus cornalianus	species	242.03	241.5	Illyrian	Besano Formation	Nevadites secedensis Ammonite Biozone	Monte San Giorgio, Conton Ticino, Switzerland	CH	PardoPerez2020SR	 GPIT/RE/	1162165,1310837	NA	45.91405	8.94983	NA	NA	NA	NA	NA
473	Mixosaurus cornalianus	species	242.03	241.5	Illyrian	Besano Formation	Nevadites secedensis Ammonite Biozone	Monte San Giorgio, Conton Ticino, Switzerland	CH	PardoPerez2020SR	 NC/03/H/13	1162165,1310837	NA	45.91405	8.94983	NA	NA	NA	NA	NA
473	Mixosaurus cornalianus	species	242.03	241.5	Illyrian	Besano Formation	Nevadites secedensis Ammonite Biozone	Monte San Giorgio, Conton Ticino, Switzerland	CH	PardoPerez2020SR	 PIMUZ T2423	1162165,1310837	NA	45.91405	8.94983	NA	NA	NA	NA	NA
473	Mixosaurus cornalianus	species	242.03	241.5	Illyrian	Besano Formation	Nevadites secedensis Ammonite Biozone	Monte San Giorgio, Conton Ticino, Switzerland	CH	PardoPerez2020SR	 PIMUZ T2405	1162165,1310837	NA	45.91405	8.94983	NA	NA	NA	NA	NA
473	Mixosaurus cornalianus	species	242.03	241.5	Illyrian	Besano Formation	Nevadites secedensis Ammonite Biozone	Monte San Giorgio, Conton Ticino, Switzerland	CH	PardoPerez2020SR	 SMNS 16688	1162165,1310837	NA	45.91405	8.94983	NA	NA	NA	NA	NA
473	Mixosaurus cornalianus	species	242.03	241.5	Illyrian	Besano Formation	Nevadites secedensis Ammonite Biozone	Monte San Giorgio, Conton Ticino, Switzerland	CH	PardoPerez2020SR	 SMNS 16966	1162165,1310837	NA	45.91405	8.94983	NA	NA	NA	NA	NA
473	Mixosaurus cornalianus	species	242.03	241.5	Illyrian	Besano Formation	Nevadites secedensis Ammonite Biozone	Monte San Giorgio, Conton Ticino, Switzerland	CH	PardoPerez2020SR	 SMNS 15049	1162165,1310837	NA	45.91405	8.94983	NA	NA	NA	NA	NA
473	Mixosaurus cornalianus	species	242.03	241.5	Illyrian	Besano Formation	Nevadites secedensis Ammonite Biozone	Monte San Giorgio, Conton Ticino, Switzerland	CH	PardoPerez2020SR	 SMNS 16964	1162165,1310837	NA	45.91405	8.94983	NA	NA	NA	NA	NA
473	Mixosaurus cornalianus	species	242.03	241.5	Illyrian	Besano Formation	Nevadites secedensis Ammonite Biozone	Monte San Giorgio, Conton Ticino, Switzerland	CH	PardoPerez2020SR	 SMNS 15045	1162165,1310837	NA	45.91405	8.94983	NA	NA	NA	NA	NA
473	Mixosaurus cornalianus	species	242.03	241.5	Illyrian	Besano Formation	Nevadites secedensis Ammonite Biozone	Monte San Giorgio, Conton Ticino, Switzerland	CH	PardoPerez2020SR	 SMNS 15048	1162165,1310837	NA	45.91405	8.94983	NA	NA	NA	NA	NA
473	Mixosaurus cornalianus	species	242.03	241.5	Illyrian	Besano Formation	Nevadites secedensis Ammonite Biozone	Monte San Giorgio, Conton Ticino, Switzerland	CH	PardoPerez2020SR	 SMNS 15044	1162165,1310837	NA	45.91405	8.94983	NA	NA	NA	NA	NA
473	Mixosaurus cornalianus	species	242.03	241.5	Illyrian	Besano Formation	Nevadites secedensis Ammonite Biozone	Monte San Giorgio, Conton Ticino, Switzerland	CH	PardoPerez2020SR	 SMNS 54068a	1162165,1310837	NA	45.91405	8.94983	NA	NA	NA	NA	NA
473	Mixosaurus cornalianus	species	242.03	241.5	Illyrian	Besano Formation	Nevadites secedensis Ammonite Biozone	Monte San Giorgio, Conton Ticino, Switzerland	CH	PardoPerez2020SR	 SMNS 54068b	1162165,1310837	NA	45.91405	8.94983	NA	NA	NA	NA	NA
473	Mixosaurus cornalianus	species	242.03	241.5	Illyrian	Besano Formation	Nevadites secedensis Ammonite Biozone	Monte San Giorgio, Conton Ticino, Switzerland	CH	PardoPerez2020SR	 GPIT/1799/1	1162165,1310837	NA	45.91405	8.94983	NA	NA	NA	NA	NA
473	Mixosaurus cornalianus	species	242.03	241.5	Illyrian	Besano Formation	Nevadites secedensis Ammonite Biozone	Monte San Giorgio, Conton Ticino, Switzerland	CH	PardoPerez2020SR	 GPIT/1799/2	1162165,1310837	NA	45.91405	8.94983	NA	NA	NA	NA	NA
473	Mixosaurus cornalianus	species	242.03	241.5	Illyrian	Besano Formation	Nevadites secedensis Ammonite Biozone	Monte San Giorgio, Conton Ticino, Switzerland	CH	PardoPerez2020SR	 GPIT/1799/3	1162165,1310837	NA	45.91405	8.94983	NA	NA	NA	NA	NA
474	Mixosaurus cornalianus	species	242.03	241.5	Illyrian	Grenzbitumenzone	Nevadites secedensis Ammonite Biozone	Cava Tre Fontane, Monte San Giorgio, Canton Ticino, Switzerland	CH	PardoPerez2020SR	PIMUZ T4858	NA	NA	45.911945	8.940556	NA	NA	NA	NA	NA
474	Mixosaurus cornalianus	species	242.03	241.5	Illyrian	Grenzbitumenzone	Nevadites secedensis Ammonite Biozone	Cava Tre Fontane, Monte San Giorgio, Canton Ticino, Switzerland	CH	PardoPerez2020SR	 PIMUZ T4857	NA	NA	45.911945	8.940556	NA	NA	NA	NA	NA
474	Mixosaurus cornalianus	species	242.03	241.5	Illyrian	Grenzbitumenzone	Nevadites secedensis Ammonite Biozone	Cava Tre Fontane, Monte San Giorgio, Canton Ticino, Switzerland	CH	PardoPerez2020SR	 PIMUZ T4848	NA	NA	45.911945	8.940556	NA	NA	NA	NA	NA
474	Mixosaurus cornalianus	species	242.03	241.5	Illyrian	Grenzbitumenzone	Nevadites secedensis Ammonite Biozone	Cava Tre Fontane, Monte San Giorgio, Canton Ticino, Switzerland	CH	PardoPerez2020SR	 PIMUZ T4923	NA	NA	45.911945	8.940556	NA	NA	NA	NA	NA
475	Mixosaurus cf. cornalianus	species	242.03	241.5	Illyrian	Grenzbitumenzone	Nevadites secedensis Ammonite Biozone	Cava Tre Fontane, Monte San Giorgio, Canton Ticino, Switzerland	CH	PardoPerez2020SR	PIMUZ T4858	NA	NA	45.911945	8.940556	NA	NA	NA	NA	NA
476	Mixosaurus cornalianus	species	242.03	241.5	Illyrian	Middle Grenzbitumenzone	Nevadites secedensis Ammonite Biozone	Monte San Giorgio, Conton Ticino, Switzerland	CH	PardoPerez2020SR	PIMUZ T5925	NA	NA	45.91405	8.94983	NA	NA	NA	NA	NA
477	Mixosaurus cornalianus	species	242.03	241.5	Illyrian	Middle Grenzbitumenzone, Minerales grosso 2, bed 113	Nevadites secedensis Ammonite Biozone	Monte San Giorgio, Conton Ticino, Switzerland	CH	PardoPerez2020SR	PIMUZ T2408	NA	NA	45.91405	8.94983	NA	NA	NA	NA	NA
478	Mixosaurus cornalianus	species	242.03	241.5	Illyrian	Middle Grenzbitumenzone, bed 120	Nevadites secedensis Ammonite Biozone	Monte San Giorgio, Conton Ticino, Switzerland	CH	PardoPerez2020SR	PIMUZ T2422	NA	NA	45.91405	8.94983	NA	NA	NA	NA	NA
478	Mixosaurus cornalianus	species	242.03	241.5	Illyrian	Middle Grenzbitumenzone, bed 120	Nevadites secedensis Ammonite Biozone	Monte San Giorgio, Conton Ticino, Switzerland	CH	PardoPerez2020SR	 PIMUZ T2427	NA	NA	45.91405	8.94983	NA	NA	NA	NA	NA
479	Mixosaurus cornalianus	species	242.03	241.5	Illyrian	Middle Grenzbitumenzone, ultimo minerale 17	Nevadites secedensis Ammonite Biozone	Monte San Giorgio, Conton Ticino, Switzerland	CH	PardoPerez2020SR	PIMUZ T2425	NA	NA	45.91405	8.94983	NA	NA	NA	NA	NA
480	Mixosaurus cornalianus	species	242.03	241.5	Illyrian	Middle Grenzbitumenzone, ultimo minerale 17	Nevadites secedensis Ammonite Biozone	Monte San Giorgio, Conton Ticino, Switzerland	CH	PardoPerez2020SR	PIMUZ T2425	NA	NA	45.91405	8.94983	NA	NA	NA	NA	NA
481	Mixosaurus cornalianus	species	242.03	241.5	Illyrian	Middle Grenzbitumenzone, bed 100	Nevadites secedensis Ammonite Biozone	Monte San Giorgio, Conton Ticino, Switzerland	CH	PardoPerez2020SR	PIMUZ T2423	NA	NA	45.91405	8.94983	NA	NA	NA	NA	NA
482	Mixosaurus cornalianus	species	242.03	241.5	Illyrian	Middle Grenzbitumenzone, bed 118	Nevadites secedensis Ammonite Biozone	Monte San Giorgio, Conton Ticino, Switzerland	CH	PardoPerez2020SR	PIMUZ T2424	NA	NA	45.91405	8.94983	NA	NA	NA	NA	NA
483	Mixosaurus cornalianus	species	242.03	241.5	Illyrian	Middle Grenzbitumenzone, Minerales 15	Nevadites secedensis Ammonite Biozone	Valle Stelle, Conton Ticino, Switzerland	CH	PardoPerez2020SR	PIMUZ T2420	NA	NA	45.912350000000004	8.93917	NA	NA	NA	NA	NA
484	Mixosaurus kuhnschneyderi	species	242.03	241.5	Illyrian	Middle Grenzbitumenzone, bed 120	Nevadites secedensis Ammonite Biozone	Monte San Giorgio, Conton Ticino, Switzerland	CH	PardoPerez2020SR	PIMUZ T1324	NA	NA	45.91405	8.94983	NA	NA	NA	NA	Original *Sangiorgiosaurus kuhnschneyderi*
485	Mixosaurus kuhnschneyderi	species	242.03	241.5	Illyrian	Middle Grenzbitumenzone, minerale 8, bed 97	Nevadites secedensis Ammonite Biozone	Monte San Giorgio, Conton Ticino, Switzerland	CH	PardoPerez2020SR	PIMUZ T1899	NA	NA	45.91405	8.94983	NA	NA	NA	NA	Original *Sangiorgiosaurus kuhnschneyderi*
486	Mixosaurus kuhnschneyderi	species	242.03	241.5	Illyrian	Upper Grenzbitumenzone, minerale 1(T.n), bed 135	Nevadites secedensis Ammonite Biozone	Monte San Giorgio, Conton Ticino, Switzerland	CH	PardoPerez2020SR	PIMUZ T1869a-b	NA	NA	45.91405	8.94983	NA	NA	NA	NA	Original *Sangiorgiosaurus kuhnschneyderi*
487	Mixosaurus kuhnschneyderi	species	242.03	241.5	Illyrian	Grenzbitumenzone	Nevadites secedensis Ammonite Biozone	Monte San Giorgio, Conton Ticino, Switzerland	CH	PardoPerez2020SR	PIMUZ T2177	NA	NA	45.91405	8.94983	NA	NA	NA	NA	Original *Sangiorgiosaurus kuhnschneyderi*
487	Mixosaurus kuhnschneyderi	species	242.03	241.5	Illyrian	Grenzbitumenzone	Nevadites secedensis Ammonite Biozone	Monte San Giorgio, Conton Ticino, Switzerland	CH	PardoPerez2020SR	 PIMUZ T2140	NA	NA	45.91405	8.94983	NA	NA	NA	NA	Original *Sangiorgiosaurus kuhnschneyderi*
487	Mixosaurus kuhnschneyderi	species	242.03	241.5	Illyrian	Grenzbitumenzone	Nevadites secedensis Ammonite Biozone	Monte San Giorgio, Conton Ticino, Switzerland	CH	PardoPerez2020SR	 PIMUZ T2079a-b	NA	NA	45.91405	8.94983	NA	NA	NA	NA	Original *Sangiorgiosaurus kuhnschneyderi*
487	Mixosaurus kuhnschneyderi	species	242.03	241.5	Illyrian	Grenzbitumenzone	Nevadites secedensis Ammonite Biozone	Monte San Giorgio, Conton Ticino, Switzerland	CH	PardoPerez2020SR	 PIMUZ T2102	NA	NA	45.91405	8.94983	NA	NA	NA	NA	Original *Sangiorgiosaurus kuhnschneyderi*
488	Mixosaurus xindianensis	species	244.34	244.14	Pelsonian	Guanling Formation	Nicoraella kockeli Conodont Biozone	Xindian town, Pu'an County, Guizhou Province, China	CN	Chen2010APS	YIGMR SPCV0732	1418765	NA	25.64524	104.9675	NA	NA	NA	NA	NA
489	Parvinatator wapitiensis	species	248.2	246.8	Spathian	Vega-Phroso Membeer, Sulphur Mountain Formation	NA	D cirque, south east Wapit Lake, British Columbia, Canada	CA	Nicholls1995Vfateosc	TMP 89.127.8	1420149	NA	54.51944	-120.72194	NA	NA	NA	NA	NA
490	Phantomosaurus neubigi	species	243.43	241.5	Illyrian	lower Upper Muschelkalk	pulcher/robustus conodont zone	Karlstadt/Main, Franconia, Germany	DE	Sander1997AMR,Maisch2006JVP	BSP 1992 I 39	850677	NA	49.96667	9.76667	NA	NA	NA	NA	Originally *Shastasaurus neubigi*
491	Qianichthyosaurus xingyiensis	species	241.5	237	Ladinian	Zhunganpo Formation, Xingyi Fauna	Nicoraella kockeli–Metapolygnathus polygnathiformis conodont biozones	Wusha Town, Xingyi, Guizhou Province, China	CN	Yang2013ASNUP	WS2011-46-R1	1418476	NA	25.13596	104.76357	NA	NA	NA	NA	NA
491	Qianichthyosaurus xingyiensis	species	241.5	237	Ladinian	Zhunganpo Formation, Xingyi Fauna	Nicoraella kockeli–Metapolygnathus polygnathiformis conodont biozones	Wusha Town, Xingyi, Guizhou Province, China	CN	Yang2013ASNUP	 WS2011-50-R7	1418476	NA	25.13596	104.76357	NA	NA	NA	NA	NA
492	Qianichthyosaurus zhoui	species	235.59	233.6	Julian	Xiaowa Formation, Guanling Biota	Metapolygnathus polygnathiformis Conodont Biozone	Huangtutang, Xinpu, Guanling County, Guizhou Province, China	CN	Li1999CSB	IVPP V 11839	1505388	NA	25.86764	105.41991	NA	NA	NA	NA	NA
492	Qianichthyosaurus zhoui	species	235.59	233.6	Julian	Xiaowa Formation, Guanling Biota	Metapolygnathus polygnathiformis Conodont Biozone	Huangtutang, Xinpu, Guanling County, Guizhou Province, China	CN	Li1999CSB	 IVPP V 11838	1505388	NA	25.86764	105.41991	NA	NA	NA	NA	NA
493	Qianichthyosaurus zhoui	species	235.59	233.6	Julian	Xiaowa Formation, Guanling Biota	Metapolygnathus polygnathiformis Conodont Biozone	Xinpuxiang, Guanling, Guizhou Province, China	CN	Nicholls2002JVP	CMNH V1412/C1120	882593	NA	25.86942	105.41966	NA	NA	NA	NA	NA
494	Qianichthyosaurus zhoui	species	235.59	233.6	Julian	Xiaowa Formation, Guanling Biota	Metapolygnathus polygnathiformis Conodont Biozone	Xinpuxiang, Guanling, Guizhou Province, China	CN	Wang2008P	YIGMR XTwQ-3	788481	NA	25.86942	105.41966	NA	NA	NA	NA	NA
494	Qianichthyosaurus zhoui	species	235.59	233.6	Julian	Xiaowa Formation, Guanling Biota	Metapolygnathus polygnathiformis Conodont Biozone	Xinpuxiang, Guanling, Guizhou Province, China	CN	Wang2008P	 YIGMR TR00040	788481	NA	25.86942	105.41966	NA	NA	NA	NA	NA
494	Qianichthyosaurus zhoui	species	235.59	233.6	Julian	Xiaowa Formation, Guanling Biota	Metapolygnathus polygnathiformis Conodont Biozone	Xinpuxiang, Guanling, Guizhou Province, China	CN	Wang2008P	 YIGMR TR00047	788481	NA	25.86942	105.41966	NA	NA	NA	NA	NA
495	Qianichthyosaurus zhoui	species	235.59	233.6	Julian	Xiaowa Formation, Guanling Biota	Metapolygnathus polygnathiformis Conodont Biozone	Xiaowa Village, Xinpu, Wuxiang, Guanling, Guizhou Province, China	CN	Maisch2008NJFGPA	GMPKU0P-1208	NA	NA	25.89139	105.42845	NA	NA	NA	NA	NA
496	Qianichthyosaurus zhoui	species	235.59	233.6	Julian	Xiaowa Formation, Guanling Biota	Metapolygnathus polygnathiformis Conodont Biozone	Maou Village, Xinpu, Wuxiang, Guanling, Guizhou Province, China	CN	Yin2000GG	Gmr008	NA	NA	25.8956	105.41519	NA	NA	NA	NA	NA
497	Quasianosteosaurus vikinghoegdai	species	247.04	246.8	Spathian	Lower Grippia Niveau, Vendomdalen Member, Vikinghøgda Formation	Bajarunia euomphala Ammonoid Biozone	Vikinghøgda, Spitsbergen, Svalbard	SJ	Maisch2003NJFGPAb	MNHN SVT 331	1420109	NA	78.24944	16.80844	NA	NA	NA	NA	NA
498	Sclerocormus parviceps	species	247.14	247.06	Spathian	Nanlinghu Formation, Upper Member, bed 719	Subcolumbites Ammonite Biozone	Majiashan Quarry, Chaohu, Anhui Province, China	CN	Jiang2016SR	AGM AGB6265	1329760	NA	31.6206	117.819702	NA	NA	NA	NA	NA
499	Shastasaurus liangae	species	235.59	233.6	Julian	Xiaowa Formation, Guanling Biota	Metapolygnathus polygnathiformis Conodont Biozone	Cockpo, Xinpu, Guanling, Guizhou	CN	Yin2000GG	Gmr014	788483	NA	25.88618	105.41442	NA	NA	NA	NA	NA
500	Shastasaurus liangae	species	235.59	233.6	Julian	Xiaowa Formation, Guanling Biota	Metapolygnathus polygnathiformis Conodont Biozone	Xinpu, Guanling, Guizhou	CN	Sander2011PO	YIGMR SPCV03107	NA	NA	25.88618	105.41442	NA	NA	NA	NA	NA
500	Shastasaurus liangae	species	235.59	233.6	Julian	Xiaowa Formation, Guanling Biota	Metapolygnathus polygnathiformis Conodont Biozone	Xinpu, Guanling, Guizhou	CN	Sander2011PO	 YIGMR SPCV03108	NA	NA	25.88618	105.41442	NA	NA	NA	NA	NA
500	Shastasaurus liangae	species	235.59	233.6	Julian	Xiaowa Formation, Guanling Biota	Metapolygnathus polygnathiformis Conodont Biozone	Xinpu, Guanling, Guizhou	CN	Sander2011PO	 YIGMR SPCV03109	NA	NA	25.88618	105.41442	NA	NA	NA	NA	NA
501	Shastasaurus liangae	species	235.59	233.6	Julian	Xiaowa Formation, Guanling Biota	Metapolygnathus polygnathiformis Conodont Biozone	Xinpu, Guanling, Guizhou	CN	Sander2011PO	GNG dq-50	NA	NA	25.88618	105.41442	NA	NA	NA	NA	NA
502	Toretocnemus zitteli	species	232.82	231.25	Lower Tuvalian	Hosselkus Limestone Formation	Tropites subbulatus Ammonite Biozone	Smith's Cove, between Squaw Creek and Pit River, Shasta County, California, USA	US	Merriam1908MUC	UCMP 8099	1168607	NA	40.79536	-122.25792	NA	NA	NA	NA	NA
503	Toretocnemus californicus	species	232.82	231.25	Lower Tuvalian	Hosselkus Limestone Formation	Tropites subbulatus Ammonite Biozone	Bear Cove, east side Brock Mountain, between Pit River and Squaw Creek, Shasta County, California, USA	US	Merriam1908MUC	UCMP 8100	1420044	NA	40.88393	-122.07823	NA	NA	NA	NA	NA
504	Toretocnemus californicus	species	233.6	228.45	upper Carnian	Antimonio Formation, local bed 27	Arcestes sp. Ammonoid Biozone	El Antimonio, Sierra del Alamo, Sonora, Mexico	MX	Lucas1995GSASP	ERNO-A-3	1528939	NA	30.73811	-112.6072	NA	NA	NA	NA	NA
505	Toretocnemus californicus	species	214.07	209.56	upper Carnian	Antimonio Formation, local bed 5	Sirenites nanseni Biozone	El Antimonio, Sierra del Alamo, Sonora, Mexico	MX	Lucas1995GSASP	ERNO-A-1	NA	NA	30.73811	-112.6072	NA	NA	NA	NA	NA
506	Toretocnemus californicus	species	214.07	209.56	upper Carnian	Antimonio Formation, local bed 4	Sirenites nanseni Biozone	El Antimonio, Sierra del Alamo, Sonora, Mexico	MX	Lucas1995GSASP	ERNO-A-4	NA	NA	30.73811	-112.6072	NA	NA	NA	NA	NA
507	Shastasaurus pacificus	species	233.6	232.82	upper Carnian	Antimonio Formation, local bed 12	Tropites dilleri Ammonoid Biozone	El Antimonio, Sierra del Alamo, Sonora, Mexico	MX	Lucas1995GSASP	UCMP 27141	NA	NA	30.73811	-112.6072	NA	NA	NA	NA	assigned to *Shastasaurus altispinus*
507	Shastasaurus pacificus	species	233.6	232.82	upper Carnian	Antimonio Formation, local bed 12	Tropites dilleri Ammonoid Biozone	El Antimonio, Sierra del Alamo, Sonora, Mexico	MX	Lucas1995GSASP	 UCMP 27142	NA	NA	30.73811	-112.6072	NA	NA	NA	NA	assigned to *Shastasaurus altispinus*
507	Shastasaurus pacificus	species	233.6	232.82	upper Carnian	Antimonio Formation, local bed 12	Tropites dilleri Ammonoid Biozone	El Antimonio, Sierra del Alamo, Sonora, Mexico	MX	Lucas1995GSASP	 UCMP 27146	NA	NA	30.73811	-112.6072	NA	NA	NA	NA	assigned to *Shastasaurus altispinus*
508	Wimanius odontopalatus	species	242.03	241.5	Illyrian	Grenzbitumenzone	Nevadites secedensis Ammonite Biozone	Monte San Giorgio, Conton Ticino, Switzerland	CH	Maisch1998NJGPM	GPIT/1797	1134410	NA	45.91405	8.94983	NA	NA	NA	NA	NA
509	Xinminosaurus catactes	species	244.34	243.43	Pelsonian	Upper Member, Guanling Formation	Nicoraella germanicus Conodont Biozone	Yangjuan Village, Xinmin District, Panxian County, Guizhou Province, China	CN	Jiang2008PNS	GMPKU-P-1071	913706	NA	25.466667	104.833336	NA	NA	NA	NA	NA
510	Grippia cf. longirostris	species	248.2	246.8	Spathian	Vega-Phroso Membeer, Sulphur Mountain Formation	NA	Locality A, Wapiti Lake, British Columbia, Canada	CA	Brinkman1992P	TMP 89.128.5	920238	NA	54.52639	-120.73611	NA	NA	NA	NA	NA
510	Grippia cf. longirostris	species	248.2	246.8	Spathian	Vega-Phroso Membeer, Sulphur Mountain Formation	NA	Locality A, Wapiti Lake, British Columbia, Canada	CA	Brinkman1992P	 TMP 86.152.12	920238	NA	54.52639	-120.73611	NA	NA	NA	NA	NA
511	Grippia cf. longirostris	species	248.2	246.8	Spathian	Vega-Phroso Membeer, Sulphur Mountain Formation	NA	Locality D, Wapiti Lake, British Columbia, Canada	CA	Brinkman1992P	TMP 89.127.12	920238	NA	54.51944	-120.72194	NA	NA	NA	NA	NA
512	Mixosaurus kuhnschneyderi	species	244.34	243.43	Pelsonian	Upper Member, Guanling Formation	Nicoraella germanicus Conodont Biozone	Luoke, Xinzhai Village, Luping County, Yunnan Province, China	CN	Chen2009AGS	YIGM SPCV0810	1418768	NA	24.85047	104.38996	NA	NA	NA	NA	NA
513	Baisesaurus robustus	species	247.79	246.9	upper Spathian	Luolou Formation upper part	Triassospathodus homeri–Triassospathodus triangularis Conodont Biozones	Zhebao Township, Longlin County, Baise City, Guanxi, China	CN	Ren2022P	CUGW VH107	NA	NA	24.93626	105.20096	NA	NA	NA	NA	NA
531	Ichthyosaurus larkini	species	201.36	201.16	lowermost Hettangian	Pre-planorbis beds, Blue Lias Formation	Psiloceras tilmanni Ammonite Biozone	Walton, near Street, Somerset, England, UK	GB	Lomax2017PP	BRSUG 25300	1432613	NA	51.12336	-2.7756	NA	NA	NA	NA	holotype specimen
532	Ichthyosaurus larkini	species	201.36	201.16	lowermost Hettangian	Pre-planorbis beds, Blue Lias Formation	Psiloceras tilmanni Ammonite Biozone	Street, Somerset, England, UK	GB	Lomax2017PP	CAMSM J59575	1432613	NA	51.13073	-2.74366	NA	NA	NA	NA	NA
532	Ichthyosaurus larkini	species	201.36	201.16	lowermost Hettangian	Pre-planorbis beds, Blue Lias Formation	Psiloceras tilmanni Ammonite Biozone	Street, Somerset, England, UK	GB	Lomax2017PP	 NHMUK PV OR5595	1432613	NA	51.13073	-2.74366	NA	NA	NA	NA	NA
532	Ichthyosaurus larkini	species	201.36	201.16	lowermost Hettangian	Pre-planorbis beds, Blue Lias Formation	Psiloceras tilmanni Ammonite Biozone	Street, Somerset, England, UK	GB	Lomax2017PP	 AGC 11	1432613	NA	51.13073	-2.74366	NA	NA	NA	NA	NA
533	Ichthyosaurus somersetensis	species	201.36	201.16	lowermost Hettangian	Pre-planorbis beds, Blue Lias Formation	Psiloceras tilmanni Ammonite Biozone	Glastonbury?, Somerset, England, UK	GB	Lomax2017PP	ANSP 15766	NA	NA	51.15561	-2.70882	NA	NA	NA	NA	holotype specimen
534	Ichthyosaurus somersetensis	species	201.36	201.16	lowermost Hettangian	Pre-planorbis beds, Blue Lias Formation	Psiloceras tilmanni Ammonite Biozone	Street, Somerset, England, UK	GB	Lomax2017PP	BRSMG Cb4997	1432614	NA	51.13073	-2.74366	NA	NA	NA	NA	NA
534	Ichthyosaurus somersetensis	species	201.36	201.16	lowermost Hettangian	Pre-planorbis beds, Blue Lias Formation	Psiloceras tilmanni Ammonite Biozone	Street, Somerset, England, UK	GB	Lomax2017PP	 NHMUK PV OR2013	1432614	NA	51.13073	-2.74366	NA	NA	NA	NA	NA
534	Ichthyosaurus somersetensis	species	201.36	201.16	lowermost Hettangian	Pre-planorbis beds, Blue Lias Formation	Psiloceras tilmanni Ammonite Biozone	Street, Somerset, England, UK	GB	Lomax2017PP	 AGC 16	1432614	NA	51.13073	-2.74366	NA	NA	NA	NA	NA
534	Ichthyosaurus somersetensis	species	201.36	201.16	lowermost Hettangian	Pre-planorbis beds, Blue Lias Formation	Psiloceras tilmanni Ammonite Biozone	Street, Somerset, England, UK	GB	Lomax2017PP	 ROM 26029	1432614	NA	51.13073	-2.74366	NA	NA	NA	NA	NA
537	Protoichthyosaurus prostaxalis	species	201.36	201.16	lowermost Hettangian	Pre-planorbis beds, Blue Lias Formation	Psiloceras tilmanni Ammonite Biozone	Street, Somerset, England, UK	GB	Lomax2017JVP	BRLSI M3555	1433004	NA	51.13073	-2.74366	NA	NA	NA	NA	BRLSI M3553 is holotype; BRLSI M3555, BRLSI M3563 are paratypes
537	Protoichthyosaurus prostaxalis	species	201.36	201.16	lowermost Hettangian	Pre-planorbis beds, Blue Lias Formation	Psiloceras tilmanni Ammonite Biozone	Street, Somerset, England, UK	GB	Lomax2017JVP	 BRLSI M3553	1433004	NA	51.13073	-2.74366	NA	NA	NA	NA	BRLSI M3553 is holotype; BRLSI M3555, BRLSI M3563 are paratypes
537	Protoichthyosaurus prostaxalis	species	201.36	201.16	lowermost Hettangian	Pre-planorbis beds, Blue Lias Formation	Psiloceras tilmanni Ammonite Biozone	Street, Somerset, England, UK	GB	Lomax2017JVP	 BRLSI M3563	1433004	NA	51.13073	-2.74366	NA	NA	NA	NA	BRLSI M3553 is holotype; BRLSI M3555, BRLSI M3563 are paratypes
537	Protoichthyosaurus prostaxalis	species	201.36	201.16	lowermost Hettangian	Pre-planorbis beds, Blue Lias Formation	Psiloceras tilmanni Ammonite Biozone	Street, Somerset, England, UK	GB	Lomax2017JVP	 AGC 12	1433004	NA	51.13073	-2.74366	NA	NA	NA	NA	BRLSI M3553 is holotype; BRLSI M3555, BRLSI M3563 are paratypes
537	Protoichthyosaurus prostaxalis	species	201.36	201.16	lowermost Hettangian	Pre-planorbis beds, Blue Lias Formation	Psiloceras tilmanni Ammonite Biozone	Street, Somerset, England, UK	GB	Lomax2017JVP	 NMING F874	1433004	NA	51.13073	-2.74366	NA	NA	NA	NA	BRLSI M3553 is holotype; BRLSI M3555, BRLSI M3563 are paratypes
538	Protoichthyosaurus prostaxalis	species	201.36	201.16	lowermost Hettangian	Pre-planorbis beds, Blue Lias Formation	Psiloceras tilmanni Ammonite Biozone	Severn Valley, Gloucestershire, England, UK	GB	Lomax2017JVP	GLAHM V1180	NA	NA	51.77424	-2.38232	NA	NA	NA	NA	Hock Cliff as approximate location
539	Protoichthyosaurus prostaxalis	species	201.36	201.16	lower Hettangian	Hydraulic Limestones, Lower Lias Group	NA	Barnstone, Nottinghamshire, England, UK	GB	Lomax2017JVP	NOTNH:FS13770	NA	NA	52.90616	-0.90036	NA	NA	NA	NA	NA
539	Protoichthyosaurus prostaxalis	species	201.36	201.16	lower Hettangian	Hydraulic Limestones, Lower Lias Group	NA	Barnstone, Nottinghamshire, England, UK	GB	Lomax2017JVP	 UOD D1	NA	NA	52.90616	-0.90036	NA	NA	NA	NA	NA
540	Protoichthyosaurus prostaxalis	species	201.36	201.16	lower Hettangian	Wilmcote Limestone Member, Blue Lias Formation	Psiloceras tilmanni Ammonite Biozone	Binton, Warwickshire, England, UK	GB	Lomax2017JVP	WARMS G347	NA	NA	52.27367	-1.45798	NA	NA	NA	NA	NA
541	Protoichthyosaurus prostaxalis	species	201.36	201.16	lower Hettangian	NA	Psiloceras tilmanni Ammonite Biozone	Barrow-upon-Soar, Leicestershire, England, UK	GB	Lomax2017JVP,Lomax2018P	NHMUK R36957	1433005	NA	52.75015	-1.13576	NA	NA	NA	NA	LEICT G454.1951/164 is paratype
541	Protoichthyosaurus prostaxalis	species	201.36	201.16	lower Hettangian	NA	Psiloceras tilmanni Ammonite Biozone	Barrow-upon-Soar, Leicestershire, England, UK	GB	Lomax2017JVP,Lomax2018P	 LEICT G729.1889.1	1433005	NA	52.75015	-1.13576	NA	NA	NA	NA	LEICT G454.1951/164 is paratype
541	Protoichthyosaurus prostaxalis	species	201.36	201.16	lower Hettangian	NA	Psiloceras tilmanni Ammonite Biozone	Barrow-upon-Soar, Leicestershire, England, UK	GB	Lomax2017JVP,Lomax2018P	 LEICT G454.1951/164	1433005	NA	52.75015	-1.13576	NA	NA	NA	NA	LEICT G454.1951/164 is paratype
541	Protoichthyosaurus prostaxalis	species	201.36	201.16	lower Hettangian	NA	Psiloceras tilmanni Ammonite Biozone	Barrow-upon-Soar, Leicestershire, England, UK	GB	Lomax2017JVP,Lomax2018P	 NMING:F16635	1433005	NA	52.75015	-1.13576	NA	NA	NA	NA	LEICT G454.1951/164 is paratype
541	Protoichthyosaurus prostaxalis	species	201.36	201.16	lower Hettangian	NA	Psiloceras tilmanni Ammonite Biozone	Barrow-upon-Soar, Leicestershire, England, UK	GB	Lomax2017JVP,Lomax2018P	 NMING:F8756	1433005	NA	52.75015	-1.13576	NA	NA	NA	NA	LEICT G454.1951/164 is paratype
550	Leptonectes tenuirostris	species	201.36	201.16	lower Hettangian	Pre-planorbis beds, Blue Lias Formation	Psiloceras tilmanni Ammonite Biozone	Street, Somerset, England, UK	GB	McGowan1989Pa	OUMNH J.10305	885368	NA	51.13073	-2.74366	NA	NA	NA	NA	NA
550	Leptonectes tenuirostris	species	201.36	201.16	lower Hettangian	Pre-planorbis beds, Blue Lias Formation	Psiloceras tilmanni Ammonite Biozone	Street, Somerset, England, UK	GB	McGowan1989Pa	 NHMUK PV R498	885368	NA	51.13073	-2.74366	NA	NA	NA	NA	NA
550	Leptonectes tenuirostris	species	201.36	201.16	lower Hettangian	Pre-planorbis beds, Blue Lias Formation	Psiloceras tilmanni Ammonite Biozone	Street, Somerset, England, UK	GB	McGowan1989Pa	 BGS 51236	885368	NA	51.13073	-2.74366	NA	NA	NA	NA	NA
550	Leptonectes tenuirostris	species	201.36	201.16	lower Hettangian	Pre-planorbis beds, Blue Lias Formation	Psiloceras tilmanni Ammonite Biozone	Street, Somerset, England, UK	GB	McGowan1989Pa	 SCM 8372	885368	NA	51.13073	-2.74366	NA	NA	NA	NA	NA
550	Leptonectes tenuirostris	species	201.36	201.16	lower Hettangian	Pre-planorbis beds, Blue Lias Formation	Psiloceras tilmanni Ammonite Biozone	Street, Somerset, England, UK	GB	McGowan1989Pa	 GTS L/AG/Arch/18	885368	NA	51.13073	-2.74366	NA	NA	NA	NA	NA
550	Leptonectes tenuirostris	species	201.36	201.16	lower Hettangian	Pre-planorbis beds, Blue Lias Formation	Psiloceras tilmanni Ammonite Biozone	Street, Somerset, England, UK	GB	McGowan1989Pa	 BATGM M3552	885368	NA	51.13073	-2.74366	NA	NA	NA	NA	NA
550	Leptonectes tenuirostris	species	201.36	201.16	lower Hettangian	Pre-planorbis beds, Blue Lias Formation	Psiloceras tilmanni Ammonite Biozone	Street, Somerset, England, UK	GB	McGowan1989Pa	 BATGM M3556	885368	NA	51.13073	-2.74366	NA	NA	NA	NA	NA
550	Leptonectes tenuirostris	species	201.36	201.16	lower Hettangian	Pre-planorbis beds, Blue Lias Formation	Psiloceras tilmanni Ammonite Biozone	Street, Somerset, England, UK	GB	McGowan1989Pa	 BATGM M3565	885368	NA	51.13073	-2.74366	NA	NA	NA	NA	NA
550	Leptonectes tenuirostris	species	201.36	201.16	lower Hettangian	Pre-planorbis beds, Blue Lias Formation	Psiloceras tilmanni Ammonite Biozone	Street, Somerset, England, UK	GB	McGowan1989Pa	 BATGM M3566	885368	NA	51.13073	-2.74366	NA	NA	NA	NA	NA
550	Leptonectes tenuirostris	species	201.36	201.16	lower Hettangian	Pre-planorbis beds, Blue Lias Formation	Psiloceras tilmanni Ammonite Biozone	Street, Somerset, England, UK	GB	McGowan1989Pa	 NHMUK PV 2009	885368	NA	51.13073	-2.74366	NA	NA	NA	NA	NA
551	Leptonectes tenuirostris	species	201.36	201.16	lower Hettangian	Pre-planorbis beds, Blue Lias Formation	Psiloceras tilmanni Ammonite Biozone	Mandeville, near Street, Somerset, England, UK	GB	McGowan1989Pa	WM 527	885368	NA	51.07127	-2.64919	NA	NA	NA	NA	NA
552	Leptonectes tenuirostris	species	201.36	201.16	lower Hettangian	Pre-planorbis beds, Blue Lias Formation	Psiloceras tilmanni Ammonite Biozone	Barrow-upon-Soar, Leicestershire, England, UK	GB	McGowan1989Pa	LEICS OS.90.1953	885369	NA	52.75015	-1.13576	NA	NA	NA	NA	NA
552	Leptonectes tenuirostris	species	201.36	201.16	lower Hettangian	Pre-planorbis beds, Blue Lias Formation	Psiloceras tilmanni Ammonite Biozone	Barrow-upon-Soar, Leicestershire, England, UK	GB	McGowan1989Pa	 NHMUK PV 36182	885369	NA	52.75015	-1.13576	NA	NA	NA	NA	NA
553	Leptonectes tenuirostris	species	201.36	201.16	lower Hettangian	Pre-planorbis beds, Blue Lias Formation	Psiloceras tilmanni Ammonite Biozone	Pinhay Bay, Lyme Regis, Dorset, England, UK	GB	McGowan1989Pa	DLR '002'	885369	NA	50.7132	-2.96639	NA	NA	NA	NA	NA
554	Leptonectes tenuirostris	species	201.36	201.16	lower Hettangian	Pre-planorbis beds, Blue Lias Formation	Psiloceras tilmanni Ammonite Biozone	Tewkesbury, Gloucestershire, England, UK	GB	McGowan1989Pa	NHMUK PV 41253	NA	NA	51.99379	-2.15496	NA	NA	NA	NA	NA
